# facts v1; tool: trace-recorder facts_render 0.2.0; command: py tools/trace-recorder/facts_render.py /home/user/D2RUST-Project/traces/raw/20261009-050324-frames.jsonl --scene a1-panel-automap --frame 141 --tile-light unknown --out /home/user/D2RUST-Project/facts/render; game: 1.14d
key	value
seq	141
tick	274
w	800
h	600
act	0
level	1
player_x	10320
player_y	72816
tile_origin_x	9920
tile_origin_y	72536
unit_origin_x	9920
unit_origin_y	72532
open_mode	0
shift_x	0
light_quality	0
rain	1
snow	0
draws	1172
index_sha256	bbe9d8412a85d4ce69a80da403590ee4b492afd7402b3a1ba7273f17527be849
palette_sha256	ba83219e51249002d7125a1a5a701d6abea94f04f44d6cfaa42becdfcff23337
