# requests v1; spec: specs/tools/facts-render.md section 7; add a row with status open; PC 1 sets status to done <commit>
scene	what to capture	asked by	status
a1-panel-stash	SceSor (tools/cloud-game/prepare_scene_chars.sh), -seed 1234, Rogue Encampment: the stash panel open next to the inventory (walk to the stash chest, click it). Under Wine the player walks to the chest but the click does not open the panel (object hover/click not delivered); a human click on PC 1 is enough. Frame: first drawn frame 30 ticks after the panel opens.	q-facts-scenes	done 76966cb3
a1-npc-dialog	SceSor, -seed 1234: the dialog menu of Kashya or Akara (click the NPC, stand still until the menu is drawn). Under Wine the click on an NPC shows the name label but no menu opens within 90 ticks (no audio device; the greeting voice may block the menu).	q-facts-scenes	done 76966cb3
a1-npc-shop	SceSor, -seed 1234: Charsi (or Akara) trade window open (Trade entry of the dialog menu). Same Wine limit as a1-npc-dialog.	q-facts-scenes	done 76966cb3
a1-npc-gamble	SceSor, -seed 1234: Gheed's gamble window open (the gamble flag, docs/handoff/pc1-data.md step 4 item 6).	q-facts-scenes	done 76966cb3
frontend-main-menu	The 1.14d main menu (Single Player, Battle.net, Other Multiplayer, Credits, Cinematics, Exit) at 800x600 (-w): one frame once the menu is stable. record_frames.py hooks only the in-game draw entry (capture.md 2); the front end needs a recorder mode that logs the same draw calls outside the game.	q-facts-scenes	done 4a8ae606
frontend-character-select	Single Player character select screen with the save folder holding SceSor and SceAct2..5 (tools/cloud-game/prepare_scene_chars.sh): one stable frame; as frontend-main-menu.	q-facts-scenes (PC 1 2026-10-09: the save folder holds ~35 other test saves; recording it needs that folder reduced to the five Sce saves, left for the user)	open
frontend-character-create	The character create screen: Sorceress selected, name field empty, one stable frame; as frontend-main-menu.	q-facts-scenes	done 4a8ae606
frontend-loading-screen	The loading screen shown while a game is created (SceSor, Normal): the first and a mid frame of the progress bar; as frontend-main-menu (the autostart start skips the menu with a memory write, so a real menu click path is needed).	q-facts-scenes	done 4a8ae606
a1-blood-moor-monsters	SceSor, -seed 1234: Blood Moor with monsters on screen, a monster corpse and a dropped item on the ground (the Cold Plains versions a1-cold-plains-monsters / -corpse / -drop were recorded under Wine because the way from the Rogue Encampment to the Blood Moor exit was not found by scripted clicks: the Blood Moor is east of the camp (level rect tiles x 1000..1056, y 824..920), the camp wall stopped every scripted path).	q-facts-scenes	done 76966cb3
a1-blood-moor-night	SceSor, -seed 1234: Blood Moor at night (time of day with the darkest light), one frame; needs the Blood Moor first (see a1-blood-moor-monsters).	q-facts-scenes	done 8aa00903
a1-den-of-evil	SceSor, -seed 1234: inside the Den of Evil (dungeon lighting), one frame after the first stable view; needs the Blood Moor first.	q-facts-scenes	done 76966cb3
