directions	dir64	cof_dir	dcc_dir
1	0	0	0
1	1	0	0
1	2	0	0
1	3	0	0
1	4	0	0
1	5	0	0
1	6	0	0
1	7	0	0
1	8	0	0
1	9	0	0
1	10	0	0
1	11	0	0
1	12	0	0
1	13	0	0
1	14	0	0
1	15	0	0
1	16	0	0
1	17	0	0
1	18	0	0
1	19	0	0
1	20	0	0
1	21	0	0
1	22	0	0
1	23	0	0
1	24	0	0
1	25	0	0
1	26	0	0
1	27	0	0
1	28	0	0
1	29	0	0
1	30	0	0
1	31	0	0
1	32	0	0
1	33	0	0
1	34	0	0
1	35	0	0
1	36	0	0
1	37	0	0
1	38	0	0
1	39	0	0
1	40	0	0
1	41	0	0
1	42	0	0
1	43	0	0
1	44	0	0
1	45	0	0
1	46	0	0
1	47	0	0
1	48	0	0
1	49	0	0
1	50	0	0
1	51	0	0
1	52	0	0
1	53	0	0
1	54	0	0
1	55	0	0
1	56	0	0
1	57	0	0
1	58	0	0
1	59	0	0
1	60	0	0
1	61	0	0
1	62	0	0
1	63	0	0
2	0	0	0
2	1	0	0
2	2	0	0
2	3	0	0
2	4	0	0
2	5	0	0
2	6	0	0
2	7	0	0
2	8	0	0
2	9	0	0
2	10	0	0
2	11	0	0
2	12	0	0
2	13	0	0
2	14	0	0
2	15	0	0
2	16	1	0
2	17	1	0
2	18	1	0
2	19	1	0
2	20	1	0
2	21	1	0
2	22	1	0
2	23	1	0
2	24	1	0
2	25	1	0
2	26	1	0
2	27	1	0
2	28	1	0
2	29	1	0
2	30	1	0
2	31	1	0
2	32	1	0
2	33	1	0
2	34	1	0
2	35	1	0
2	36	1	0
2	37	1	0
2	38	1	0
2	39	1	0
2	40	1	0
2	41	1	0
2	42	1	0
2	43	1	0
2	44	1	0
2	45	1	0
2	46	1	0
2	47	1	0
2	48	0	0
2	49	0	0
2	50	0	0
2	51	0	0
2	52	0	0
2	53	0	0
2	54	0	0
2	55	0	0
2	56	0	0
2	57	0	0
2	58	0	0
2	59	0	0
2	60	0	0
2	61	0	0
2	62	0	0
2	63	0	0
4	0	0	0
4	1	0	0
4	2	0	0
4	3	0	0
4	4	0	0
4	5	0	0
4	6	0	0
4	7	0	0
4	8	1	1
4	9	1	1
4	10	1	1
4	11	1	1
4	12	1	1
4	13	1	1
4	14	1	1
4	15	1	1
4	16	1	1
4	17	1	1
4	18	1	1
4	19	1	1
4	20	1	1
4	21	1	1
4	22	1	1
4	23	1	1
4	24	2	2
4	25	2	2
4	26	2	2
4	27	2	2
4	28	2	2
4	29	2	2
4	30	2	2
4	31	2	2
4	32	2	2
4	33	2	2
4	34	2	2
4	35	2	2
4	36	2	2
4	37	2	2
4	38	2	2
4	39	2	2
4	40	3	3
4	41	3	3
4	42	3	3
4	43	3	3
4	44	3	3
4	45	3	3
4	46	3	3
4	47	3	3
4	48	3	3
4	49	3	3
4	50	3	3
4	51	3	3
4	52	3	3
4	53	3	3
4	54	3	3
4	55	3	3
4	56	0	0
4	57	0	0
4	58	0	0
4	59	0	0
4	60	0	0
4	61	0	0
4	62	0	0
4	63	0	0
8	0	0	4
8	1	0	4
8	2	0	4
8	3	0	4
8	4	1	0
8	5	1	0
8	6	1	0
8	7	1	0
8	8	1	0
8	9	1	0
8	10	1	0
8	11	1	0
8	12	2	5
8	13	2	5
8	14	2	5
8	15	2	5
8	16	2	5
8	17	2	5
8	18	2	5
8	19	2	5
8	20	3	1
8	21	3	1
8	22	3	1
8	23	3	1
8	24	3	1
8	25	3	1
8	26	3	1
8	27	3	1
8	28	4	6
8	29	4	6
8	30	4	6
8	31	4	6
8	32	4	6
8	33	4	6
8	34	4	6
8	35	4	6
8	36	5	2
8	37	5	2
8	38	5	2
8	39	5	2
8	40	5	2
8	41	5	2
8	42	5	2
8	43	5	2
8	44	6	7
8	45	6	7
8	46	6	7
8	47	6	7
8	48	6	7
8	49	6	7
8	50	6	7
8	51	6	7
8	52	7	3
8	53	7	3
8	54	7	3
8	55	7	3
8	56	7	3
8	57	7	3
8	58	7	3
8	59	7	3
8	60	0	4
8	61	0	4
8	62	0	4
8	63	0	4
16	0	0	4
16	1	0	4
16	2	1	8
16	3	1	8
16	4	1	8
16	5	1	8
16	6	2	0
16	7	2	0
16	8	2	0
16	9	2	0
16	10	3	9
16	11	3	9
16	12	3	9
16	13	3	9
16	14	4	5
16	15	4	5
16	16	4	5
16	17	4	5
16	18	5	10
16	19	5	10
16	20	5	10
16	21	5	10
16	22	6	1
16	23	6	1
16	24	6	1
16	25	6	1
16	26	7	11
16	27	7	11
16	28	7	11
16	29	7	11
16	30	8	6
16	31	8	6
16	32	8	6
16	33	8	6
16	34	9	12
16	35	9	12
16	36	9	12
16	37	9	12
16	38	10	2
16	39	10	2
16	40	10	2
16	41	10	2
16	42	11	13
16	43	11	13
16	44	11	13
16	45	11	13
16	46	12	7
16	47	12	7
16	48	12	7
16	49	12	7
16	50	13	14
16	51	13	14
16	52	13	14
16	53	13	14
16	54	14	3
16	55	14	3
16	56	14	3
16	57	14	3
16	58	15	15
16	59	15	15
16	60	15	15
16	61	15	15
16	62	0	4
16	63	0	4
32	0	0	4
32	1	1	16
32	2	1	16
32	3	2	8
32	4	2	8
32	5	3	17
32	6	3	17
32	7	4	0
32	8	4	0
32	9	5	18
32	10	5	18
32	11	6	9
32	12	6	9
32	13	7	19
32	14	7	19
32	15	8	5
32	16	8	5
32	17	9	20
32	18	9	20
32	19	10	10
32	20	10	10
32	21	11	21
32	22	11	21
32	23	12	1
32	24	12	1
32	25	13	22
32	26	13	22
32	27	14	11
32	28	14	11
32	29	15	23
32	30	15	23
32	31	16	6
32	32	16	6
32	33	17	24
32	34	17	24
32	35	18	12
32	36	18	12
32	37	19	25
32	38	19	25
32	39	20	2
32	40	20	2
32	41	21	26
32	42	21	26
32	43	22	13
32	44	22	13
32	45	23	27
32	46	23	27
32	47	24	7
32	48	24	7
32	49	25	28
32	50	25	28
32	51	26	14
32	52	26	14
32	53	27	29
32	54	27	29
32	55	28	3
32	56	28	3
32	57	29	30
32	58	29	30
32	59	30	15
32	60	30	15
32	61	31	31
32	62	31	31
32	63	0	4
64	0	0	4
64	1	1	32
64	2	2	16
64	3	3	33
64	4	4	8
64	5	5	34
64	6	6	17
64	7	7	35
64	8	8	0
64	9	9	36
64	10	10	18
64	11	11	37
64	12	12	9
64	13	13	38
64	14	14	19
64	15	15	39
64	16	16	5
64	17	17	40
64	18	18	20
64	19	19	41
64	20	20	10
64	21	21	42
64	22	22	21
64	23	23	43
64	24	24	1
64	25	25	44
64	26	26	22
64	27	27	45
64	28	28	11
64	29	29	46
64	30	30	23
64	31	31	47
64	32	32	6
64	33	33	48
64	34	34	24
64	35	35	49
64	36	36	12
64	37	37	50
64	38	38	25
64	39	39	51
64	40	40	2
64	41	41	52
64	42	42	26
64	43	43	53
64	44	44	13
64	45	45	54
64	46	46	27
64	47	47	55
64	48	48	7
64	49	49	56
64	50	50	28
64	51	51	57
64	52	52	14
64	53	53	58
64	54	54	29
64	55	55	59
64	56	56	3
64	57	57	60
64	58	58	30
64	59	59	61
64	60	60	15
64	61	61	62
64	62	62	31
64	63	63	63
