direction	table	point	dx	dy
1	normal	0	2	5
1	normal	1	2	3
1	normal	2	2	1
1	normal	3	2	-1
1	normal	4	2	-3
1	normal	5	2	-5
2	normal	0	-5	2
2	normal	1	-3	2
2	normal	2	-1	2
2	normal	3	1	2
2	normal	4	3	2
2	normal	5	5	2
3	normal	0	2	5
3	normal	1	2	3
3	normal	2	2	2
3	normal	3	2	2
3	normal	4	3	2
3	normal	5	5	2
4	normal	0	-5	2
4	normal	1	-3	2
4	normal	2	-1	2
4	normal	3	2	-1
4	normal	4	2	-3
4	normal	5	2	-5
5	normal	0	0	0
5	normal	1	0	0
5	normal	2	0	0
5	normal	3	0	0
5	normal	4	0	0
5	normal	5	0	0
6	normal	0	2	5
6	normal	1	2	3
6	normal	2	2	1
6	normal	3	2	-1
6	normal	4	2	-3
6	normal	5	2	-5
7	normal	0	-5	2
7	normal	1	-3	2
7	normal	2	-1	2
7	normal	3	1	2
7	normal	4	3	2
7	normal	5	5	2
8	normal	0	2	5
8	normal	1	2	3
8	normal	2	2	2
8	normal	3	2	2
8	normal	4	3	2
8	normal	5	5	2
9	normal	0	-5	2
9	normal	1	-3	2
9	normal	2	-1	2
9	normal	3	2	-1
9	normal	4	2	-3
9	normal	5	2	-5
1	faded	0	-2	5
1	faded	1	-2	3
1	faded	2	-2	1
1	faded	3	-2	-1
1	faded	4	-2	-3
1	faded	5	-2	-5
2	faded	0	-5	-2
2	faded	1	-3	-2
2	faded	2	-1	-2
2	faded	3	1	-2
2	faded	4	3	-2
2	faded	5	5	-2
3	faded	0	-2	5
3	faded	1	-2	3
3	faded	2	-2	-2
3	faded	3	-2	-2
3	faded	4	3	-2
3	faded	5	5	-2
4	faded	0	-5	-2
4	faded	1	-3	-2
4	faded	2	-1	-2
4	faded	3	-2	-1
4	faded	4	-2	-3
4	faded	5	-2	-5
5	faded	0	0	0
5	faded	1	0	0
5	faded	2	0	0
5	faded	3	0	0
5	faded	4	0	0
5	faded	5	0	0
6	faded	0	-2	5
6	faded	1	-2	3
6	faded	2	-2	1
6	faded	3	-2	-1
6	faded	4	-2	-3
6	faded	5	-2	-5
7	faded	0	-5	-2
7	faded	1	-3	-2
7	faded	2	-1	-2
7	faded	3	1	-2
7	faded	4	3	-2
7	faded	5	5	-2
8	faded	0	-2	5
8	faded	1	-2	3
8	faded	2	-2	-2
8	faded	3	-2	-2
8	faded	4	3	-2
8	faded	5	5	-2
9	faded	0	-5	-2
9	faded	1	-3	-2
9	faded	2	-1	-2
9	faded	3	-2	-1
9	faded	4	-2	-3
9	faded	5	-2	-5
