# facts v1; tool: trace-recorder facts_render 0.2.0; command: py tools/trace-recorder/facts_render.py /home/user/D2RUST-Project/traces/raw/20261009-032845-frames.jsonl --scene a1-walk-se --frame 62 --tile-light unknown --out /home/user/D2RUST-Project/facts/render; game: 1.14d
key	value
seq	62
tick	116
w	800
h	600
act	0
level	1
player_x	10412
player_y	72846
tile_origin_x	10012
tile_origin_y	72566
unit_origin_x	10012
unit_origin_y	72562
open_mode	0
shift_x	0
light_quality	0
rain	1
snow	0
draws	259
index_sha256	25f40e6fa63919df59a33434b9de5cf50028accbb8710395a2863468fe12009b
palette_sha256	ba83219e51249002d7125a1a5a701d6abea94f04f44d6cfaa42becdfcff23337
