# facts v1; tool: trace-recorder facts_render 0.3.0; command: py tools/trace-recorder/facts_render.py game/captures/pc1today/fe-m.jsonl --shot create-hardcore --scene frontend-create-hardcore --out facts/render; game: 1.14d
key	value
seq	3
tick	?
w	800
h	600
act	-
level	-
player_x	-
player_y	-
tile_origin_x	-
tile_origin_y	-
unit_origin_x	-
unit_origin_y	-
open_mode	-
shift_x	-
light_quality	-
rain	-
snow	-
draws	170
index_sha256	1db087fbe7799bc795b5893de53bdae2aa11b16c9019ac919c07f9dde3070aac
palette_sha256	fb00af855cf4055aa489f41cf20537f5bf4ce27416ced2f7028092f6074db1c3
