# facts v1; tool: trace-recorder facts_render 0.3.0; command: py tools/trace-recorder/facts_render.py game/captures/pc1today/fe-m.jsonl --shot character-select-classic --scene frontend-character-select-classic --out facts/render; game: 1.14d
i	op	file	dir	frame	tile	x	y	w	h	xoff	yoff	mode	light	pal	unit	at
0	StartDraw	-	-	-	-	0	0	-	-	-	-	-	-	-	-	0x4f9934
1	ClearScreen	-	-	-	-	0	-	-	-	-	-	-	-	-	-	0x4f9943
2	CelDraw	data/global/ui/charselect/characterselectscreenexp.dc6	0	0	-	0	256	256	256	0	0	5	0xffffffff	0	-	0x4fd2c8
3	CelDraw	data/global/ui/charselect/characterselectscreenexp.dc6	0	1	-	256	256	256	256	0	0	5	0xffffffff	0	-	0x4fd2c8
4	CelDraw	data/global/ui/charselect/characterselectscreenexp.dc6	0	2	-	512	256	256	256	0	0	5	0xffffffff	0	-	0x4fd2c8
5	CelDraw	data/global/ui/charselect/characterselectscreenexp.dc6	0	3	-	768	256	32	256	0	0	5	0xffffffff	0	-	0x4fd2c8
6	CelDraw	data/global/ui/charselect/characterselectscreenexp.dc6	0	4	-	0	512	256	256	0	0	5	0xffffffff	0	-	0x4fd2c8
7	CelDraw	data/global/ui/charselect/characterselectscreenexp.dc6	0	5	-	256	512	256	256	0	0	5	0xffffffff	0	-	0x4fd2c8
8	CelDraw	data/global/ui/charselect/characterselectscreenexp.dc6	0	6	-	512	512	256	256	0	0	5	0xffffffff	0	-	0x4fd2c8
9	CelDraw	data/global/ui/charselect/characterselectscreenexp.dc6	0	7	-	768	512	32	256	0	0	5	0xffffffff	0	-	0x4fd2c8
10	CelDraw	data/global/ui/charselect/characterselectscreenexp.dc6	0	8	-	0	599	256	88	0	0	5	0xffffffff	0	-	0x4fd311
11	CelDraw	data/global/ui/charselect/characterselectscreenexp.dc6	0	9	-	256	599	256	88	0	0	5	0xffffffff	0	-	0x4fd311
12	CelDraw	data/global/ui/charselect/characterselectscreenexp.dc6	0	10	-	512	599	256	88	0	0	5	0xffffffff	0	-	0x4fd311
13	CelDraw	data/global/ui/charselect/characterselectscreenexp.dc6	0	11	-	768	599	32	88	0	0	5	0xffffffff	0	-	0x4fd311
14	CelDraw	data/global/ui/frontend/mediumbuttonblank.dc6	0	0	-	627	572	128	35	0	0	5	0xffffffff	0	-	0x500f6c
15	CelDrawColor	data/local/font/latin/fontexocet10.dc6	0	79	-	679	564	17	18	0	0	?	?	?	-	0x501d77
16	CelDrawColor	data/local/font/latin/fontexocet10.dc6	0	75	-	691	564	17	18	0	0	?	?	?	-	0x501d77
17	CelDraw	data/global/ui/frontend/mediumbuttonblank.dc6	0	0	-	33	572	128	35	0	0	5	0xffffffff	0	-	0x500f6c
18	CelDrawColor	data/local/font/latin/fontexocet10.dc6	0	69	-	76	564	17	18	0	0	?	?	?	-	0x501d77
19	CelDrawColor	data/local/font/latin/fontexocet10.dc6	0	88	-	85	564	17	18	0	0	?	?	?	-	0x501d77
20	CelDrawColor	data/local/font/latin/fontexocet10.dc6	0	73	-	99	564	17	18	0	0	?	?	?	-	0x501d77
21	CelDrawColor	data/local/font/latin/fontexocet10.dc6	0	84	-	105	564	17	18	0	0	?	?	?	-	0x501d77
22	CelDraw	data/global/ui/charselect/tallbuttonblank.dc6	0	1	-	33	528	168	60	0	0	5	0xffffffff	0	-	0x500f6c
23	CelDrawColor	data/local/font/latin/fontexocet10.dc6	0	67	-	64	518	17	18	0	0	?	?	?	-	0x501d77
24	CelDrawColor	data/local/font/latin/fontexocet10.dc6	0	72	-	74	518	17	18	0	0	?	?	?	-	0x501d77
25	CelDrawColor	data/local/font/latin/fontexocet10.dc6	0	65	-	85	518	17	18	0	0	?	?	?	-	0x501d77
26	CelDrawColor	data/local/font/latin/fontexocet10.dc6	0	82	-	98	518	17	18	0	0	?	?	?	-	0x501d77
27	CelDrawColor	data/local/font/latin/fontexocet10.dc6	0	65	-	110	518	17	18	0	0	?	?	?	-	0x501d77
28	CelDrawColor	data/local/font/latin/fontexocet10.dc6	0	67	-	123	518	17	18	0	0	?	?	?	-	0x501d77
29	CelDrawColor	data/local/font/latin/fontexocet10.dc6	0	84	-	133	518	17	18	0	0	?	?	?	-	0x501d77
30	CelDrawColor	data/local/font/latin/fontexocet10.dc6	0	69	-	145	518	17	18	0	0	?	?	?	-	0x501d77
31	CelDrawColor	data/local/font/latin/fontexocet10.dc6	0	82	-	154	518	17	18	0	0	?	?	?	-	0x501d77
32	CelDrawColor	data/local/font/latin/fontexocet10.dc6	0	67	-	59	502	17	18	0	0	?	?	?	-	0x501d77
33	CelDrawColor	data/local/font/latin/fontexocet10.dc6	0	82	-	69	502	17	18	0	0	?	?	?	-	0x501d77
34	CelDrawColor	data/local/font/latin/fontexocet10.dc6	0	69	-	81	502	17	18	0	0	?	?	?	-	0x501d77
35	CelDrawColor	data/local/font/latin/fontexocet10.dc6	0	65	-	90	502	17	18	0	0	?	?	?	-	0x501d77
36	CelDrawColor	data/local/font/latin/fontexocet10.dc6	0	84	-	103	502	17	18	0	0	?	?	?	-	0x501d77
37	CelDrawColor	data/local/font/latin/fontexocet10.dc6	0	69	-	115	502	17	18	0	0	?	?	?	-	0x501d77
38	CelDrawColor	data/local/font/latin/fontexocet10.dc6	0	32	-	124	502	17	18	0	0	?	?	?	-	0x501d77
39	CelDrawColor	data/local/font/latin/fontexocet10.dc6	0	78	-	133	502	17	18	0	0	?	?	?	-	0x501d77
40	CelDrawColor	data/local/font/latin/fontexocet10.dc6	0	69	-	144	502	17	18	0	0	?	?	?	-	0x501d77
41	CelDrawColor	data/local/font/latin/fontexocet10.dc6	0	87	-	153	502	17	18	0	0	?	?	?	-	0x501d77
42	CelDraw	data/global/ui/charselect/tallbuttonblank.dc6	0	0	-	233	528	168	60	0	0	5	0xffffffff	0	-	0x500f6c
43	CelDrawColor	data/local/font/latin/fontexocet10.dc6	0	69	-	270	516	17	18	0	0	?	?	?	-	0x501d77
44	CelDrawColor	data/local/font/latin/fontexocet10.dc6	0	88	-	279	516	17	18	0	0	?	?	?	-	0x501d77
45	CelDrawColor	data/local/font/latin/fontexocet10.dc6	0	80	-	293	516	17	18	0	0	?	?	?	-	0x501d77
46	CelDrawColor	data/local/font/latin/fontexocet10.dc6	0	65	-	302	516	17	18	0	0	?	?	?	-	0x501d77
47	CelDrawColor	data/local/font/latin/fontexocet10.dc6	0	78	-	315	516	17	18	0	0	?	?	?	-	0x501d77
48	CelDrawColor	data/local/font/latin/fontexocet10.dc6	0	83	-	326	516	17	18	0	0	?	?	?	-	0x501d77
49	CelDrawColor	data/local/font/latin/fontexocet10.dc6	0	73	-	335	516	17	18	0	0	?	?	?	-	0x501d77
50	CelDrawColor	data/local/font/latin/fontexocet10.dc6	0	79	-	341	516	17	18	0	0	?	?	?	-	0x501d77
51	CelDrawColor	data/local/font/latin/fontexocet10.dc6	0	78	-	353	516	17	18	0	0	?	?	?	-	0x501d77
52	CelDrawColor	data/local/font/latin/fontexocet10.dc6	0	67	-	260	500	17	18	0	0	?	?	?	-	0x501d77
53	CelDrawColor	data/local/font/latin/fontexocet10.dc6	0	79	-	270	500	17	18	0	0	?	?	?	-	0x501d77
54	CelDrawColor	data/local/font/latin/fontexocet10.dc6	0	78	-	282	500	17	18	0	0	?	?	?	-	0x501d77
55	CelDrawColor	data/local/font/latin/fontexocet10.dc6	0	86	-	293	500	17	18	0	0	?	?	?	-	0x501d77
56	CelDrawColor	data/local/font/latin/fontexocet10.dc6	0	69	-	307	500	17	18	0	0	?	?	?	-	0x501d77
57	CelDrawColor	data/local/font/latin/fontexocet10.dc6	0	82	-	316	500	17	18	0	0	?	?	?	-	0x501d77
58	CelDrawColor	data/local/font/latin/fontexocet10.dc6	0	84	-	328	500	17	18	0	0	?	?	?	-	0x501d77
59	CelDrawColor	data/local/font/latin/fontexocet10.dc6	0	32	-	340	500	17	18	0	0	?	?	?	-	0x501d77
60	CelDrawColor	data/local/font/latin/fontexocet10.dc6	0	84	-	349	500	17	18	0	0	?	?	?	-	0x501d77
61	CelDrawColor	data/local/font/latin/fontexocet10.dc6	0	79	-	361	500	17	18	0	0	?	?	?	-	0x501d77
62	CelDraw	data/global/ui/charselect/tallbuttonblank.dc6	0	0	-	433	528	168	60	0	0	5	0xffffffff	0	-	0x500f6c
63	CelDrawColor	data/local/font/latin/fontexocet10.dc6	0	67	-	466	516	17	18	0	0	?	?	?	-	0x501d77
64	CelDrawColor	data/local/font/latin/fontexocet10.dc6	0	72	-	476	516	17	18	0	0	?	?	?	-	0x501d77
65	CelDrawColor	data/local/font/latin/fontexocet10.dc6	0	65	-	487	516	17	18	0	0	?	?	?	-	0x501d77
66	CelDrawColor	data/local/font/latin/fontexocet10.dc6	0	82	-	500	516	17	18	0	0	?	?	?	-	0x501d77
67	CelDrawColor	data/local/font/latin/fontexocet10.dc6	0	65	-	512	516	17	18	0	0	?	?	?	-	0x501d77
68	CelDrawColor	data/local/font/latin/fontexocet10.dc6	0	67	-	525	516	17	18	0	0	?	?	?	-	0x501d77
69	CelDrawColor	data/local/font/latin/fontexocet10.dc6	0	84	-	535	516	17	18	0	0	?	?	?	-	0x501d77
70	CelDrawColor	data/local/font/latin/fontexocet10.dc6	0	69	-	547	516	17	18	0	0	?	?	?	-	0x501d77
71	CelDrawColor	data/local/font/latin/fontexocet10.dc6	0	82	-	556	516	17	18	0	0	?	?	?	-	0x501d77
72	CelDrawColor	data/local/font/latin/fontexocet10.dc6	0	68	-	487	500	17	18	0	0	?	?	?	-	0x501d77
73	CelDrawColor	data/local/font/latin/fontexocet10.dc6	0	69	-	498	500	17	18	0	0	?	?	?	-	0x501d77
74	CelDrawColor	data/local/font/latin/fontexocet10.dc6	0	76	-	507	500	17	18	0	0	?	?	?	-	0x501d77
75	CelDrawColor	data/local/font/latin/fontexocet10.dc6	0	69	-	516	500	17	18	0	0	?	?	?	-	0x501d77
76	CelDrawColor	data/local/font/latin/fontexocet10.dc6	0	84	-	525	500	17	18	0	0	?	?	?	-	0x501d77
77	CelDrawColor	data/local/font/latin/fontexocet10.dc6	0	69	-	537	500	17	18	0	0	?	?	?	-	0x501d77
78	CelDrawColor	data/local/font/latin/font42.dc6	0	70	-	236	63	39	41	0	0	?	?	?	-	0x501bc0
79	CelDrawColor	data/local/font/latin/font42.dc6	0	101	-	255	63	39	41	0	0	?	?	?	-	0x501bc0
80	CelDrawColor	data/local/font/latin/font42.dc6	0	67	-	272	63	39	41	0	0	?	?	?	-	0x501bc0
81	CelDrawColor	data/local/font/latin/font42.dc6	0	108	-	295	63	39	41	0	0	?	?	?	-	0x501bc0
82	CelDrawColor	data/local/font/latin/font42.dc6	0	97	-	312	63	39	41	0	0	?	?	?	-	0x501bc0
83	CelDrawColor	data/local/font/latin/font42.dc6	0	115	-	338	63	39	41	0	0	?	?	?	-	0x501bc0
84	CelDrawColor	data/local/font/latin/font42.dc6	0	115	-	354	63	39	41	0	0	?	?	?	-	0x501bc0
85	CelDrawColor	data/local/font/latin/font42.dc6	0	105	-	370	63	39	41	0	0	?	?	?	-	0x501bc0
86	CelDrawColor	data/local/font/latin/font42.dc6	0	99	-	380	63	39	41	0	0	?	?	?	-	0x501bc0
87	CelDraw	data/global/ui/frontend/joingamescrollbars.dc6	0	1	-	585	456	12	14	0	0	5	0xffffffff	0	-	0x50843b
88	CelDraw	data/global/ui/frontend/joingamescrollbars.dc6	0	5	-	585	446	12	14	0	0	5	0xffffffff	0	-	0x508473
89	CelDraw	data/global/ui/frontend/joingamescrollbars.dc6	0	5	-	585	436	12	14	0	0	5	0xffffffff	0	-	0x508473
90	CelDraw	data/global/ui/frontend/joingamescrollbars.dc6	0	5	-	585	426	12	14	0	0	5	0xffffffff	0	-	0x508473
91	CelDraw	data/global/ui/frontend/joingamescrollbars.dc6	0	5	-	585	416	12	14	0	0	5	0xffffffff	0	-	0x508473
92	CelDraw	data/global/ui/frontend/joingamescrollbars.dc6	0	5	-	585	406	12	14	0	0	5	0xffffffff	0	-	0x508473
93	CelDraw	data/global/ui/frontend/joingamescrollbars.dc6	0	5	-	585	396	12	14	0	0	5	0xffffffff	0	-	0x508473
94	CelDraw	data/global/ui/frontend/joingamescrollbars.dc6	0	5	-	585	386	12	14	0	0	5	0xffffffff	0	-	0x508473
95	CelDraw	data/global/ui/frontend/joingamescrollbars.dc6	0	5	-	585	376	12	14	0	0	5	0xffffffff	0	-	0x508473
96	CelDraw	data/global/ui/frontend/joingamescrollbars.dc6	0	5	-	585	366	12	14	0	0	5	0xffffffff	0	-	0x508473
97	CelDraw	data/global/ui/frontend/joingamescrollbars.dc6	0	5	-	585	356	12	14	0	0	5	0xffffffff	0	-	0x508473
98	CelDraw	data/global/ui/frontend/joingamescrollbars.dc6	0	5	-	585	346	12	14	0	0	5	0xffffffff	0	-	0x508473
99	CelDraw	data/global/ui/frontend/joingamescrollbars.dc6	0	5	-	585	336	12	14	0	0	5	0xffffffff	0	-	0x508473
100	CelDraw	data/global/ui/frontend/joingamescrollbars.dc6	0	5	-	585	326	12	14	0	0	5	0xffffffff	0	-	0x508473
101	CelDraw	data/global/ui/frontend/joingamescrollbars.dc6	0	5	-	585	316	12	14	0	0	5	0xffffffff	0	-	0x508473
102	CelDraw	data/global/ui/frontend/joingamescrollbars.dc6	0	5	-	585	306	12	14	0	0	5	0xffffffff	0	-	0x508473
103	CelDraw	data/global/ui/frontend/joingamescrollbars.dc6	0	5	-	585	296	12	14	0	0	5	0xffffffff	0	-	0x508473
104	CelDraw	data/global/ui/frontend/joingamescrollbars.dc6	0	5	-	585	286	12	14	0	0	5	0xffffffff	0	-	0x508473
105	CelDraw	data/global/ui/frontend/joingamescrollbars.dc6	0	5	-	585	276	12	14	0	0	5	0xffffffff	0	-	0x508473
106	CelDraw	data/global/ui/frontend/joingamescrollbars.dc6	0	5	-	585	266	12	14	0	0	5	0xffffffff	0	-	0x508473
107	CelDraw	data/global/ui/frontend/joingamescrollbars.dc6	0	5	-	585	256	12	14	0	0	5	0xffffffff	0	-	0x508473
108	CelDraw	data/global/ui/frontend/joingamescrollbars.dc6	0	5	-	585	246	12	14	0	0	5	0xffffffff	0	-	0x508473
109	CelDraw	data/global/ui/frontend/joingamescrollbars.dc6	0	5	-	585	236	12	14	0	0	5	0xffffffff	0	-	0x508473
110	CelDraw	data/global/ui/frontend/joingamescrollbars.dc6	0	5	-	585	226	12	14	0	0	5	0xffffffff	0	-	0x508473
111	CelDraw	data/global/ui/frontend/joingamescrollbars.dc6	0	5	-	585	216	12	14	0	0	5	0xffffffff	0	-	0x508473
112	CelDraw	data/global/ui/frontend/joingamescrollbars.dc6	0	5	-	585	206	12	14	0	0	5	0xffffffff	0	-	0x508473
113	CelDraw	data/global/ui/frontend/joingamescrollbars.dc6	0	5	-	585	196	12	14	0	0	5	0xffffffff	0	-	0x508473
114	CelDraw	data/global/ui/frontend/joingamescrollbars.dc6	0	5	-	585	186	12	14	0	0	5	0xffffffff	0	-	0x508473
115	CelDraw	data/global/ui/frontend/joingamescrollbars.dc6	0	5	-	585	176	12	14	0	0	5	0xffffffff	0	-	0x508473
116	CelDraw	data/global/ui/frontend/joingamescrollbars.dc6	0	5	-	585	166	12	14	0	0	5	0xffffffff	0	-	0x508473
117	CelDraw	data/global/ui/frontend/joingamescrollbars.dc6	0	5	-	585	156	12	14	0	0	5	0xffffffff	0	-	0x508473
118	CelDraw	data/global/ui/frontend/joingamescrollbars.dc6	0	5	-	585	146	12	14	0	0	5	0xffffffff	0	-	0x508473
119	CelDraw	data/global/ui/frontend/joingamescrollbars.dc6	0	5	-	585	136	12	14	0	0	5	0xffffffff	0	-	0x508473
120	CelDraw	data/global/ui/frontend/joingamescrollbars.dc6	0	5	-	585	126	12	14	0	0	5	0xffffffff	0	-	0x508473
121	CelDraw	data/global/ui/frontend/joingamescrollbars.dc6	0	5	-	585	116	12	14	0	0	5	0xffffffff	0	-	0x508473
122	CelDraw	data/global/ui/frontend/joingamescrollbars.dc6	0	5	-	585	106	12	14	0	0	5	0xffffffff	0	-	0x508473
123	CelDraw	data/global/ui/frontend/joingamescrollbars.dc6	0	0	-	585	103	12	14	0	0	5	0xffffffff	0	-	0x5084a5
124	CelDraw	data/global/ui/frontend/joingamescrollbars.dc6	0	4	-	585	113	12	14	0	0	5	0xffffffff	0	-	0x5084d4
125	CelDrawColor	data/local/font/latin/font16.dc6	0	70	-	113	113	14	16	0	0	?	?	?	-	0x501bc0
126	CelDrawColor	data/local/font/latin/font16.dc6	0	101	-	121	113	14	16	0	0	?	?	?	-	0x501bc0
127	CelDrawColor	data/local/font/latin/font16.dc6	0	67	-	128	113	14	16	0	0	?	?	?	-	0x501bc0
128	CelDrawColor	data/local/font/latin/font16.dc6	0	108	-	137	113	14	16	0	0	?	?	?	-	0x501bc0
129	CelDrawColor	data/local/font/latin/font16.dc6	0	97	-	144	113	14	16	0	0	?	?	?	-	0x501bc0
130	CelDrawColor	data/local/font/latin/font16.dc6	0	115	-	154	113	14	16	0	0	?	?	?	-	0x501bc0
131	CelDrawColor	data/local/font/latin/font16.dc6	0	115	-	161	113	14	16	0	0	?	?	?	-	0x501bc0
132	CelDrawColor	data/local/font/latin/font16.dc6	0	105	-	168	113	14	16	0	0	?	?	?	-	0x501bc0
133	CelDrawColor	data/local/font/latin/font16.dc6	0	99	-	172	113	14	16	0	0	?	?	?	-	0x501bc0
134	CelDrawColor	data/local/font/latin/font16.dc6	0	76	-	113	127	14	16	0	0	?	?	?	-	0x501bc0
135	CelDrawColor	data/local/font/latin/font16.dc6	0	101	-	121	127	14	16	0	0	?	?	?	-	0x501bc0
136	CelDrawColor	data/local/font/latin/font16.dc6	0	118	-	128	127	14	16	0	0	?	?	?	-	0x501bc0
137	CelDrawColor	data/local/font/latin/font16.dc6	0	101	-	138	127	14	16	0	0	?	?	?	-	0x501bc0
138	CelDrawColor	data/local/font/latin/font16.dc6	0	108	-	145	127	14	16	0	0	?	?	?	-	0x501bc0
139	CelDrawColor	data/local/font/latin/font16.dc6	0	32	-	152	127	14	16	0	0	?	?	?	-	0x501bc0
140	CelDrawColor	data/local/font/latin/font16.dc6	0	49	-	160	127	14	16	0	0	?	?	?	-	0x501bc0
141	CelDrawColor	data/local/font/latin/font16.dc6	0	32	-	165	127	14	16	0	0	?	?	?	-	0x501bc0
142	CelDrawColor	data/local/font/latin/font16.dc6	0	80	-	173	127	14	16	0	0	?	?	?	-	0x501bc0
143	CelDrawColor	data/local/font/latin/font16.dc6	0	97	-	182	127	14	16	0	0	?	?	?	-	0x501bc0
144	CelDrawColor	data/local/font/latin/font16.dc6	0	108	-	192	127	14	16	0	0	?	?	?	-	0x501bc0
145	CelDrawColor	data/local/font/latin/font16.dc6	0	97	-	199	127	14	16	0	0	?	?	?	-	0x501bc0
146	CelDrawColor	data/local/font/latin/font16.dc6	0	100	-	209	127	14	16	0	0	?	?	?	-	0x501bc0
147	CelDrawColor	data/local/font/latin/font16.dc6	0	105	-	217	127	14	16	0	0	?	?	?	-	0x501bc0
148	CelDrawColor	data/local/font/latin/font16.dc6	0	110	-	221	127	14	16	0	0	?	?	?	-	0x501bc0
149	CelDrawColor	data/local/font/latin/font16.dc6	0	83	-	385	113	14	16	0	0	?	?	?	-	0x501bc0
150	CelDrawColor	data/local/font/latin/font16.dc6	0	99	-	392	113	14	16	0	0	?	?	?	-	0x501bc0
151	CelDrawColor	data/local/font/latin/font16.dc6	0	110	-	400	113	14	16	0	0	?	?	?	-	0x501bc0
152	CelDrawColor	data/local/font/latin/font16.dc6	0	65	-	409	113	14	16	0	0	?	?	?	-	0x501bc0
153	CelDrawColor	data/local/font/latin/font16.dc6	0	109	-	421	113	14	16	0	0	?	?	?	-	0x501bc0
154	CelDrawColor	data/local/font/latin/font16.dc6	0	97	-	431	113	14	16	0	0	?	?	?	-	0x501bc0
155	CelDrawColor	data/local/font/latin/font16.dc6	0	76	-	385	127	14	16	0	0	?	?	?	-	0x501bc0
156	CelDrawColor	data/local/font/latin/font16.dc6	0	101	-	393	127	14	16	0	0	?	?	?	-	0x501bc0
157	CelDrawColor	data/local/font/latin/font16.dc6	0	118	-	400	127	14	16	0	0	?	?	?	-	0x501bc0
158	CelDrawColor	data/local/font/latin/font16.dc6	0	101	-	410	127	14	16	0	0	?	?	?	-	0x501bc0
159	CelDrawColor	data/local/font/latin/font16.dc6	0	108	-	417	127	14	16	0	0	?	?	?	-	0x501bc0
160	CelDrawColor	data/local/font/latin/font16.dc6	0	32	-	424	127	14	16	0	0	?	?	?	-	0x501bc0
161	CelDrawColor	data/local/font/latin/font16.dc6	0	49	-	432	127	14	16	0	0	?	?	?	-	0x501bc0
162	CelDrawColor	data/local/font/latin/font16.dc6	0	32	-	437	127	14	16	0	0	?	?	?	-	0x501bc0
163	CelDrawColor	data/local/font/latin/font16.dc6	0	65	-	445	127	14	16	0	0	?	?	?	-	0x501bc0
164	CelDrawColor	data/local/font/latin/font16.dc6	0	109	-	457	127	14	16	0	0	?	?	?	-	0x501bc0
165	CelDrawColor	data/local/font/latin/font16.dc6	0	97	-	467	127	14	16	0	0	?	?	?	-	0x501bc0
166	CelDrawColor	data/local/font/latin/font16.dc6	0	122	-	477	127	14	16	0	0	?	?	?	-	0x501bc0
167	CelDrawColor	data/local/font/latin/font16.dc6	0	111	-	484	127	14	16	0	0	?	?	?	-	0x501bc0
168	CelDrawColor	data/local/font/latin/font16.dc6	0	110	-	494	127	14	16	0	0	?	?	?	-	0x501bc0
169	CelDrawColor	data/local/font/latin/font16.dc6	0	69	-	385	141	14	16	0	0	?	?	?	-	0x501bc0
170	CelDrawColor	data/local/font/latin/font16.dc6	0	88	-	393	141	14	16	0	0	?	?	?	-	0x501bc0
171	CelDrawColor	data/local/font/latin/font16.dc6	0	80	-	405	141	14	16	0	0	?	?	?	-	0x501bc0
172	CelDrawColor	data/local/font/latin/font16.dc6	0	65	-	414	141	14	16	0	0	?	?	?	-	0x501bc0
173	CelDrawColor	data/local/font/latin/font16.dc6	0	78	-	426	141	14	16	0	0	?	?	?	-	0x501bc0
174	CelDrawColor	data/local/font/latin/font16.dc6	0	83	-	436	141	14	16	0	0	?	?	?	-	0x501bc0
175	CelDrawColor	data/local/font/latin/font16.dc6	0	73	-	443	141	14	16	0	0	?	?	?	-	0x501bc0
176	CelDrawColor	data/local/font/latin/font16.dc6	0	79	-	448	141	14	16	0	0	?	?	?	-	0x501bc0
177	CelDrawColor	data/local/font/latin/font16.dc6	0	78	-	459	141	14	16	0	0	?	?	?	-	0x501bc0
178	CelDrawColor	data/local/font/latin/font16.dc6	0	32	-	469	141	14	16	0	0	?	?	?	-	0x501bc0
179	CelDrawColor	data/local/font/latin/font16.dc6	0	67	-	477	141	14	16	0	0	?	?	?	-	0x501bc0
180	CelDrawColor	data/local/font/latin/font16.dc6	0	72	-	486	141	14	16	0	0	?	?	?	-	0x501bc0
181	CelDrawColor	data/local/font/latin/font16.dc6	0	65	-	495	141	14	16	0	0	?	?	?	-	0x501bc0
182	CelDrawColor	data/local/font/latin/font16.dc6	0	82	-	507	141	14	16	0	0	?	?	?	-	0x501bc0
183	CelDrawColor	data/local/font/latin/font16.dc6	0	65	-	517	141	14	16	0	0	?	?	?	-	0x501bc0
184	CelDrawColor	data/local/font/latin/font16.dc6	0	67	-	529	141	14	16	0	0	?	?	?	-	0x501bc0
185	CelDrawColor	data/local/font/latin/font16.dc6	0	84	-	538	141	14	16	0	0	?	?	?	-	0x501bc0
186	CelDrawColor	data/local/font/latin/font16.dc6	0	69	-	549	141	14	16	0	0	?	?	?	-	0x501bc0
187	CelDrawColor	data/local/font/latin/font16.dc6	0	82	-	557	141	14	16	0	0	?	?	?	-	0x501bc0
188	CelDrawColor	data/local/font/latin/font16.dc6	0	83	-	113	206	14	16	0	0	?	?	?	-	0x501bc0
189	CelDrawColor	data/local/font/latin/font16.dc6	0	99	-	120	206	14	16	0	0	?	?	?	-	0x501bc0
190	CelDrawColor	data/local/font/latin/font16.dc6	0	110	-	128	206	14	16	0	0	?	?	?	-	0x501bc0
191	CelDrawColor	data/local/font/latin/font16.dc6	0	83	-	137	206	14	16	0	0	?	?	?	-	0x501bc0
192	CelDrawColor	data/local/font/latin/font16.dc6	0	111	-	144	206	14	16	0	0	?	?	?	-	0x501bc0
193	CelDrawColor	data/local/font/latin/font16.dc6	0	114	-	154	206	14	16	0	0	?	?	?	-	0x501bc0
194	CelDrawColor	data/local/font/latin/font16.dc6	0	76	-	113	220	14	16	0	0	?	?	?	-	0x501bc0
195	CelDrawColor	data/local/font/latin/font16.dc6	0	101	-	121	220	14	16	0	0	?	?	?	-	0x501bc0
196	CelDrawColor	data/local/font/latin/font16.dc6	0	118	-	128	220	14	16	0	0	?	?	?	-	0x501bc0
197	CelDrawColor	data/local/font/latin/font16.dc6	0	101	-	138	220	14	16	0	0	?	?	?	-	0x501bc0
198	CelDrawColor	data/local/font/latin/font16.dc6	0	108	-	145	220	14	16	0	0	?	?	?	-	0x501bc0
199	CelDrawColor	data/local/font/latin/font16.dc6	0	32	-	152	220	14	16	0	0	?	?	?	-	0x501bc0
200	CelDrawColor	data/local/font/latin/font16.dc6	0	51	-	160	220	14	16	0	0	?	?	?	-	0x501bc0
201	CelDrawColor	data/local/font/latin/font16.dc6	0	48	-	168	220	14	16	0	0	?	?	?	-	0x501bc0
202	CelDrawColor	data/local/font/latin/font16.dc6	0	32	-	180	220	14	16	0	0	?	?	?	-	0x501bc0
203	CelDrawColor	data/local/font/latin/font16.dc6	0	83	-	188	220	14	16	0	0	?	?	?	-	0x501bc0
204	CelDrawColor	data/local/font/latin/font16.dc6	0	111	-	195	220	14	16	0	0	?	?	?	-	0x501bc0
205	CelDrawColor	data/local/font/latin/font16.dc6	0	114	-	205	220	14	16	0	0	?	?	?	-	0x501bc0
206	CelDrawColor	data/local/font/latin/font16.dc6	0	99	-	214	220	14	16	0	0	?	?	?	-	0x501bc0
207	CelDrawColor	data/local/font/latin/font16.dc6	0	101	-	222	220	14	16	0	0	?	?	?	-	0x501bc0
208	CelDrawColor	data/local/font/latin/font16.dc6	0	114	-	229	220	14	16	0	0	?	?	?	-	0x501bc0
209	CelDrawColor	data/local/font/latin/font16.dc6	0	101	-	238	220	14	16	0	0	?	?	?	-	0x501bc0
210	CelDrawColor	data/local/font/latin/font16.dc6	0	115	-	245	220	14	16	0	0	?	?	?	-	0x501bc0
211	CelDrawColor	data/local/font/latin/font16.dc6	0	115	-	252	220	14	16	0	0	?	?	?	-	0x501bc0
212	CelDrawColor	data/local/font/latin/font16.dc6	0	69	-	113	234	14	16	0	0	?	?	?	-	0x501bc0
213	CelDrawColor	data/local/font/latin/font16.dc6	0	88	-	121	234	14	16	0	0	?	?	?	-	0x501bc0
214	CelDrawColor	data/local/font/latin/font16.dc6	0	80	-	133	234	14	16	0	0	?	?	?	-	0x501bc0
215	CelDrawColor	data/local/font/latin/font16.dc6	0	65	-	142	234	14	16	0	0	?	?	?	-	0x501bc0
216	CelDrawColor	data/local/font/latin/font16.dc6	0	78	-	154	234	14	16	0	0	?	?	?	-	0x501bc0
217	CelDrawColor	data/local/font/latin/font16.dc6	0	83	-	164	234	14	16	0	0	?	?	?	-	0x501bc0
218	CelDrawColor	data/local/font/latin/font16.dc6	0	73	-	171	234	14	16	0	0	?	?	?	-	0x501bc0
219	CelDrawColor	data/local/font/latin/font16.dc6	0	79	-	176	234	14	16	0	0	?	?	?	-	0x501bc0
220	CelDrawColor	data/local/font/latin/font16.dc6	0	78	-	187	234	14	16	0	0	?	?	?	-	0x501bc0
221	CelDrawColor	data/local/font/latin/font16.dc6	0	32	-	197	234	14	16	0	0	?	?	?	-	0x501bc0
222	CelDrawColor	data/local/font/latin/font16.dc6	0	67	-	205	234	14	16	0	0	?	?	?	-	0x501bc0
223	CelDrawColor	data/local/font/latin/font16.dc6	0	72	-	214	234	14	16	0	0	?	?	?	-	0x501bc0
224	CelDrawColor	data/local/font/latin/font16.dc6	0	65	-	223	234	14	16	0	0	?	?	?	-	0x501bc0
225	CelDrawColor	data/local/font/latin/font16.dc6	0	82	-	235	234	14	16	0	0	?	?	?	-	0x501bc0
226	CelDrawColor	data/local/font/latin/font16.dc6	0	65	-	245	234	14	16	0	0	?	?	?	-	0x501bc0
227	CelDrawColor	data/local/font/latin/font16.dc6	0	67	-	257	234	14	16	0	0	?	?	?	-	0x501bc0
228	CelDrawColor	data/local/font/latin/font16.dc6	0	84	-	266	234	14	16	0	0	?	?	?	-	0x501bc0
229	CelDrawColor	data/local/font/latin/font16.dc6	0	69	-	277	234	14	16	0	0	?	?	?	-	0x501bc0
230	CelDrawColor	data/local/font/latin/font16.dc6	0	82	-	285	234	14	16	0	0	?	?	?	-	0x501bc0
231	CelDrawColor	data/local/font/latin/font16.dc6	0	67	-	385	206	14	16	0	0	?	?	?	-	0x501bc0
232	CelDrawColor	data/local/font/latin/font16.dc6	0	109	-	394	206	14	16	0	0	?	?	?	-	0x501bc0
233	CelDrawColor	data/local/font/latin/font16.dc6	0	98	-	404	206	14	16	0	0	?	?	?	-	0x501bc0
234	CelDrawColor	data/local/font/latin/font16.dc6	0	66	-	411	206	14	16	0	0	?	?	?	-	0x501bc0
235	CelDrawColor	data/local/font/latin/font16.dc6	0	97	-	418	206	14	16	0	0	?	?	?	-	0x501bc0
236	CelDrawColor	data/local/font/latin/font16.dc6	0	114	-	428	206	14	16	0	0	?	?	?	-	0x501bc0
237	CelDrawColor	data/local/font/latin/font16.dc6	0	76	-	385	220	14	16	0	0	?	?	?	-	0x501bc0
238	CelDrawColor	data/local/font/latin/font16.dc6	0	101	-	393	220	14	16	0	0	?	?	?	-	0x501bc0
239	CelDrawColor	data/local/font/latin/font16.dc6	0	118	-	400	220	14	16	0	0	?	?	?	-	0x501bc0
240	CelDrawColor	data/local/font/latin/font16.dc6	0	101	-	410	220	14	16	0	0	?	?	?	-	0x501bc0
241	CelDrawColor	data/local/font/latin/font16.dc6	0	108	-	417	220	14	16	0	0	?	?	?	-	0x501bc0
242	CelDrawColor	data/local/font/latin/font16.dc6	0	32	-	424	220	14	16	0	0	?	?	?	-	0x501bc0
243	CelDrawColor	data/local/font/latin/font16.dc6	0	51	-	432	220	14	16	0	0	?	?	?	-	0x501bc0
244	CelDrawColor	data/local/font/latin/font16.dc6	0	32	-	440	220	14	16	0	0	?	?	?	-	0x501bc0
245	CelDrawColor	data/local/font/latin/font16.dc6	0	66	-	448	220	14	16	0	0	?	?	?	-	0x501bc0
246	CelDrawColor	data/local/font/latin/font16.dc6	0	97	-	455	220	14	16	0	0	?	?	?	-	0x501bc0
247	CelDrawColor	data/local/font/latin/font16.dc6	0	114	-	465	220	14	16	0	0	?	?	?	-	0x501bc0
248	CelDrawColor	data/local/font/latin/font16.dc6	0	98	-	474	220	14	16	0	0	?	?	?	-	0x501bc0
249	CelDrawColor	data/local/font/latin/font16.dc6	0	97	-	481	220	14	16	0	0	?	?	?	-	0x501bc0
250	CelDrawColor	data/local/font/latin/font16.dc6	0	114	-	491	220	14	16	0	0	?	?	?	-	0x501bc0
251	CelDrawColor	data/local/font/latin/font16.dc6	0	105	-	500	220	14	16	0	0	?	?	?	-	0x501bc0
252	CelDrawColor	data/local/font/latin/font16.dc6	0	97	-	504	220	14	16	0	0	?	?	?	-	0x501bc0
253	CelDrawColor	data/local/font/latin/font16.dc6	0	110	-	514	220	14	16	0	0	?	?	?	-	0x501bc0
254	CelDrawColor	data/local/font/latin/font16.dc6	0	69	-	385	234	14	16	0	0	?	?	?	-	0x501bc0
255	CelDrawColor	data/local/font/latin/font16.dc6	0	88	-	393	234	14	16	0	0	?	?	?	-	0x501bc0
256	CelDrawColor	data/local/font/latin/font16.dc6	0	80	-	405	234	14	16	0	0	?	?	?	-	0x501bc0
257	CelDrawColor	data/local/font/latin/font16.dc6	0	65	-	414	234	14	16	0	0	?	?	?	-	0x501bc0
258	CelDrawColor	data/local/font/latin/font16.dc6	0	78	-	426	234	14	16	0	0	?	?	?	-	0x501bc0
259	CelDrawColor	data/local/font/latin/font16.dc6	0	83	-	436	234	14	16	0	0	?	?	?	-	0x501bc0
260	CelDrawColor	data/local/font/latin/font16.dc6	0	73	-	443	234	14	16	0	0	?	?	?	-	0x501bc0
261	CelDrawColor	data/local/font/latin/font16.dc6	0	79	-	448	234	14	16	0	0	?	?	?	-	0x501bc0
262	CelDrawColor	data/local/font/latin/font16.dc6	0	78	-	459	234	14	16	0	0	?	?	?	-	0x501bc0
263	CelDrawColor	data/local/font/latin/font16.dc6	0	32	-	469	234	14	16	0	0	?	?	?	-	0x501bc0
264	CelDrawColor	data/local/font/latin/font16.dc6	0	67	-	477	234	14	16	0	0	?	?	?	-	0x501bc0
265	CelDrawColor	data/local/font/latin/font16.dc6	0	72	-	486	234	14	16	0	0	?	?	?	-	0x501bc0
266	CelDrawColor	data/local/font/latin/font16.dc6	0	65	-	495	234	14	16	0	0	?	?	?	-	0x501bc0
267	CelDrawColor	data/local/font/latin/font16.dc6	0	82	-	507	234	14	16	0	0	?	?	?	-	0x501bc0
268	CelDrawColor	data/local/font/latin/font16.dc6	0	65	-	517	234	14	16	0	0	?	?	?	-	0x501bc0
269	CelDrawColor	data/local/font/latin/font16.dc6	0	67	-	529	234	14	16	0	0	?	?	?	-	0x501bc0
270	CelDrawColor	data/local/font/latin/font16.dc6	0	84	-	538	234	14	16	0	0	?	?	?	-	0x501bc0
271	CelDrawColor	data/local/font/latin/font16.dc6	0	69	-	549	234	14	16	0	0	?	?	?	-	0x501bc0
272	CelDrawColor	data/local/font/latin/font16.dc6	0	82	-	557	234	14	16	0	0	?	?	?	-	0x501bc0
273	CelDrawColor	data/local/font/latin/font16.dc6	0	83	-	113	299	14	16	0	0	?	?	?	-	0x501bc0
274	CelDrawColor	data/local/font/latin/font16.dc6	0	99	-	120	299	14	16	0	0	?	?	?	-	0x501bc0
275	CelDrawColor	data/local/font/latin/font16.dc6	0	110	-	128	299	14	16	0	0	?	?	?	-	0x501bc0
276	CelDrawColor	data/local/font/latin/font16.dc6	0	65	-	137	299	14	16	0	0	?	?	?	-	0x501bc0
277	CelDrawColor	data/local/font/latin/font16.dc6	0	109	-	149	299	14	16	0	0	?	?	?	-	0x501bc0
278	CelDrawColor	data/local/font/latin/font16.dc6	0	53	-	159	299	14	16	0	0	?	?	?	-	0x501bc0
279	CelDrawColor	data/local/font/latin/font16.dc6	0	76	-	113	313	14	16	0	0	?	?	?	-	0x501bc0
280	CelDrawColor	data/local/font/latin/font16.dc6	0	101	-	121	313	14	16	0	0	?	?	?	-	0x501bc0
281	CelDrawColor	data/local/font/latin/font16.dc6	0	118	-	128	313	14	16	0	0	?	?	?	-	0x501bc0
282	CelDrawColor	data/local/font/latin/font16.dc6	0	101	-	138	313	14	16	0	0	?	?	?	-	0x501bc0
283	CelDrawColor	data/local/font/latin/font16.dc6	0	108	-	145	313	14	16	0	0	?	?	?	-	0x501bc0
284	CelDrawColor	data/local/font/latin/font16.dc6	0	32	-	152	313	14	16	0	0	?	?	?	-	0x501bc0
285	CelDrawColor	data/local/font/latin/font16.dc6	0	49	-	160	313	14	16	0	0	?	?	?	-	0x501bc0
286	CelDrawColor	data/local/font/latin/font16.dc6	0	32	-	165	313	14	16	0	0	?	?	?	-	0x501bc0
287	CelDrawColor	data/local/font/latin/font16.dc6	0	65	-	173	313	14	16	0	0	?	?	?	-	0x501bc0
288	CelDrawColor	data/local/font/latin/font16.dc6	0	109	-	185	313	14	16	0	0	?	?	?	-	0x501bc0
289	CelDrawColor	data/local/font/latin/font16.dc6	0	97	-	195	313	14	16	0	0	?	?	?	-	0x501bc0
290	CelDrawColor	data/local/font/latin/font16.dc6	0	122	-	205	313	14	16	0	0	?	?	?	-	0x501bc0
291	CelDrawColor	data/local/font/latin/font16.dc6	0	111	-	212	313	14	16	0	0	?	?	?	-	0x501bc0
292	CelDrawColor	data/local/font/latin/font16.dc6	0	110	-	222	313	14	16	0	0	?	?	?	-	0x501bc0
293	CelDrawColor	data/local/font/latin/font16.dc6	0	69	-	113	327	14	16	0	0	?	?	?	-	0x501bc0
294	CelDrawColor	data/local/font/latin/font16.dc6	0	88	-	121	327	14	16	0	0	?	?	?	-	0x501bc0
295	CelDrawColor	data/local/font/latin/font16.dc6	0	80	-	133	327	14	16	0	0	?	?	?	-	0x501bc0
296	CelDrawColor	data/local/font/latin/font16.dc6	0	65	-	142	327	14	16	0	0	?	?	?	-	0x501bc0
297	CelDrawColor	data/local/font/latin/font16.dc6	0	78	-	154	327	14	16	0	0	?	?	?	-	0x501bc0
298	CelDrawColor	data/local/font/latin/font16.dc6	0	83	-	164	327	14	16	0	0	?	?	?	-	0x501bc0
299	CelDrawColor	data/local/font/latin/font16.dc6	0	73	-	171	327	14	16	0	0	?	?	?	-	0x501bc0
300	CelDrawColor	data/local/font/latin/font16.dc6	0	79	-	176	327	14	16	0	0	?	?	?	-	0x501bc0
301	CelDrawColor	data/local/font/latin/font16.dc6	0	78	-	187	327	14	16	0	0	?	?	?	-	0x501bc0
302	CelDrawColor	data/local/font/latin/font16.dc6	0	32	-	197	327	14	16	0	0	?	?	?	-	0x501bc0
303	CelDrawColor	data/local/font/latin/font16.dc6	0	67	-	205	327	14	16	0	0	?	?	?	-	0x501bc0
304	CelDrawColor	data/local/font/latin/font16.dc6	0	72	-	214	327	14	16	0	0	?	?	?	-	0x501bc0
305	CelDrawColor	data/local/font/latin/font16.dc6	0	65	-	223	327	14	16	0	0	?	?	?	-	0x501bc0
306	CelDrawColor	data/local/font/latin/font16.dc6	0	82	-	235	327	14	16	0	0	?	?	?	-	0x501bc0
307	CelDrawColor	data/local/font/latin/font16.dc6	0	65	-	245	327	14	16	0	0	?	?	?	-	0x501bc0
308	CelDrawColor	data/local/font/latin/font16.dc6	0	67	-	257	327	14	16	0	0	?	?	?	-	0x501bc0
309	CelDrawColor	data/local/font/latin/font16.dc6	0	84	-	266	327	14	16	0	0	?	?	?	-	0x501bc0
310	CelDrawColor	data/local/font/latin/font16.dc6	0	69	-	277	327	14	16	0	0	?	?	?	-	0x501bc0
311	CelDrawColor	data/local/font/latin/font16.dc6	0	82	-	285	327	14	16	0	0	?	?	?	-	0x501bc0
312	CelDrawColor	data/local/font/latin/font16.dc6	0	83	-	385	299	14	16	0	0	?	?	?	-	0x501bc0
313	CelDrawColor	data/local/font/latin/font16.dc6	0	99	-	392	299	14	16	0	0	?	?	?	-	0x501bc0
314	CelDrawColor	data/local/font/latin/font16.dc6	0	110	-	400	299	14	16	0	0	?	?	?	-	0x501bc0
315	CelDrawColor	data/local/font/latin/font16.dc6	0	65	-	409	299	14	16	0	0	?	?	?	-	0x501bc0
316	CelDrawColor	data/local/font/latin/font16.dc6	0	109	-	421	299	14	16	0	0	?	?	?	-	0x501bc0
317	CelDrawColor	data/local/font/latin/font16.dc6	0	52	-	431	299	14	16	0	0	?	?	?	-	0x501bc0
318	CelDrawColor	data/local/font/latin/font16.dc6	0	76	-	385	313	14	16	0	0	?	?	?	-	0x501bc0
319	CelDrawColor	data/local/font/latin/font16.dc6	0	101	-	393	313	14	16	0	0	?	?	?	-	0x501bc0
320	CelDrawColor	data/local/font/latin/font16.dc6	0	118	-	400	313	14	16	0	0	?	?	?	-	0x501bc0
321	CelDrawColor	data/local/font/latin/font16.dc6	0	101	-	410	313	14	16	0	0	?	?	?	-	0x501bc0
322	CelDrawColor	data/local/font/latin/font16.dc6	0	108	-	417	313	14	16	0	0	?	?	?	-	0x501bc0
323	CelDrawColor	data/local/font/latin/font16.dc6	0	32	-	424	313	14	16	0	0	?	?	?	-	0x501bc0
324	CelDrawColor	data/local/font/latin/font16.dc6	0	49	-	432	313	14	16	0	0	?	?	?	-	0x501bc0
325	CelDrawColor	data/local/font/latin/font16.dc6	0	32	-	437	313	14	16	0	0	?	?	?	-	0x501bc0
326	CelDrawColor	data/local/font/latin/font16.dc6	0	65	-	445	313	14	16	0	0	?	?	?	-	0x501bc0
327	CelDrawColor	data/local/font/latin/font16.dc6	0	109	-	457	313	14	16	0	0	?	?	?	-	0x501bc0
328	CelDrawColor	data/local/font/latin/font16.dc6	0	97	-	467	313	14	16	0	0	?	?	?	-	0x501bc0
329	CelDrawColor	data/local/font/latin/font16.dc6	0	122	-	477	313	14	16	0	0	?	?	?	-	0x501bc0
330	CelDrawColor	data/local/font/latin/font16.dc6	0	111	-	484	313	14	16	0	0	?	?	?	-	0x501bc0
331	CelDrawColor	data/local/font/latin/font16.dc6	0	110	-	494	313	14	16	0	0	?	?	?	-	0x501bc0
332	CelDrawColor	data/local/font/latin/font16.dc6	0	69	-	385	327	14	16	0	0	?	?	?	-	0x501bc0
333	CelDrawColor	data/local/font/latin/font16.dc6	0	88	-	393	327	14	16	0	0	?	?	?	-	0x501bc0
334	CelDrawColor	data/local/font/latin/font16.dc6	0	80	-	405	327	14	16	0	0	?	?	?	-	0x501bc0
335	CelDrawColor	data/local/font/latin/font16.dc6	0	65	-	414	327	14	16	0	0	?	?	?	-	0x501bc0
336	CelDrawColor	data/local/font/latin/font16.dc6	0	78	-	426	327	14	16	0	0	?	?	?	-	0x501bc0
337	CelDrawColor	data/local/font/latin/font16.dc6	0	83	-	436	327	14	16	0	0	?	?	?	-	0x501bc0
338	CelDrawColor	data/local/font/latin/font16.dc6	0	73	-	443	327	14	16	0	0	?	?	?	-	0x501bc0
339	CelDrawColor	data/local/font/latin/font16.dc6	0	79	-	448	327	14	16	0	0	?	?	?	-	0x501bc0
340	CelDrawColor	data/local/font/latin/font16.dc6	0	78	-	459	327	14	16	0	0	?	?	?	-	0x501bc0
341	CelDrawColor	data/local/font/latin/font16.dc6	0	32	-	469	327	14	16	0	0	?	?	?	-	0x501bc0
342	CelDrawColor	data/local/font/latin/font16.dc6	0	67	-	477	327	14	16	0	0	?	?	?	-	0x501bc0
343	CelDrawColor	data/local/font/latin/font16.dc6	0	72	-	486	327	14	16	0	0	?	?	?	-	0x501bc0
344	CelDrawColor	data/local/font/latin/font16.dc6	0	65	-	495	327	14	16	0	0	?	?	?	-	0x501bc0
345	CelDrawColor	data/local/font/latin/font16.dc6	0	82	-	507	327	14	16	0	0	?	?	?	-	0x501bc0
346	CelDrawColor	data/local/font/latin/font16.dc6	0	65	-	517	327	14	16	0	0	?	?	?	-	0x501bc0
347	CelDrawColor	data/local/font/latin/font16.dc6	0	67	-	529	327	14	16	0	0	?	?	?	-	0x501bc0
348	CelDrawColor	data/local/font/latin/font16.dc6	0	84	-	538	327	14	16	0	0	?	?	?	-	0x501bc0
349	CelDrawColor	data/local/font/latin/font16.dc6	0	69	-	549	327	14	16	0	0	?	?	?	-	0x501bc0
350	CelDrawColor	data/local/font/latin/font16.dc6	0	82	-	557	327	14	16	0	0	?	?	?	-	0x501bc0
351	CelDrawColor	data/local/font/latin/font16.dc6	0	83	-	113	392	14	16	0	0	?	?	?	-	0x501bc0
352	CelDrawColor	data/local/font/latin/font16.dc6	0	99	-	120	392	14	16	0	0	?	?	?	-	0x501bc0
353	CelDrawColor	data/local/font/latin/font16.dc6	0	110	-	128	392	14	16	0	0	?	?	?	-	0x501bc0
354	CelDrawColor	data/local/font/latin/font16.dc6	0	65	-	137	392	14	16	0	0	?	?	?	-	0x501bc0
355	CelDrawColor	data/local/font/latin/font16.dc6	0	109	-	149	392	14	16	0	0	?	?	?	-	0x501bc0
356	CelDrawColor	data/local/font/latin/font16.dc6	0	51	-	159	392	14	16	0	0	?	?	?	-	0x501bc0
357	CelDrawColor	data/local/font/latin/font16.dc6	0	76	-	113	406	14	16	0	0	?	?	?	-	0x501bc0
358	CelDrawColor	data/local/font/latin/font16.dc6	0	101	-	121	406	14	16	0	0	?	?	?	-	0x501bc0
359	CelDrawColor	data/local/font/latin/font16.dc6	0	118	-	128	406	14	16	0	0	?	?	?	-	0x501bc0
360	CelDrawColor	data/local/font/latin/font16.dc6	0	101	-	138	406	14	16	0	0	?	?	?	-	0x501bc0
361	CelDrawColor	data/local/font/latin/font16.dc6	0	108	-	145	406	14	16	0	0	?	?	?	-	0x501bc0
362	CelDrawColor	data/local/font/latin/font16.dc6	0	32	-	152	406	14	16	0	0	?	?	?	-	0x501bc0
363	CelDrawColor	data/local/font/latin/font16.dc6	0	49	-	160	406	14	16	0	0	?	?	?	-	0x501bc0
364	CelDrawColor	data/local/font/latin/font16.dc6	0	32	-	165	406	14	16	0	0	?	?	?	-	0x501bc0
365	CelDrawColor	data/local/font/latin/font16.dc6	0	65	-	173	406	14	16	0	0	?	?	?	-	0x501bc0
366	CelDrawColor	data/local/font/latin/font16.dc6	0	109	-	185	406	14	16	0	0	?	?	?	-	0x501bc0
367	CelDrawColor	data/local/font/latin/font16.dc6	0	97	-	195	406	14	16	0	0	?	?	?	-	0x501bc0
368	CelDrawColor	data/local/font/latin/font16.dc6	0	122	-	205	406	14	16	0	0	?	?	?	-	0x501bc0
369	CelDrawColor	data/local/font/latin/font16.dc6	0	111	-	212	406	14	16	0	0	?	?	?	-	0x501bc0
370	CelDrawColor	data/local/font/latin/font16.dc6	0	110	-	222	406	14	16	0	0	?	?	?	-	0x501bc0
371	CelDrawColor	data/local/font/latin/font16.dc6	0	69	-	113	420	14	16	0	0	?	?	?	-	0x501bc0
372	CelDrawColor	data/local/font/latin/font16.dc6	0	88	-	121	420	14	16	0	0	?	?	?	-	0x501bc0
373	CelDrawColor	data/local/font/latin/font16.dc6	0	80	-	133	420	14	16	0	0	?	?	?	-	0x501bc0
374	CelDrawColor	data/local/font/latin/font16.dc6	0	65	-	142	420	14	16	0	0	?	?	?	-	0x501bc0
375	CelDrawColor	data/local/font/latin/font16.dc6	0	78	-	154	420	14	16	0	0	?	?	?	-	0x501bc0
376	CelDrawColor	data/local/font/latin/font16.dc6	0	83	-	164	420	14	16	0	0	?	?	?	-	0x501bc0
377	CelDrawColor	data/local/font/latin/font16.dc6	0	73	-	171	420	14	16	0	0	?	?	?	-	0x501bc0
378	CelDrawColor	data/local/font/latin/font16.dc6	0	79	-	176	420	14	16	0	0	?	?	?	-	0x501bc0
379	CelDrawColor	data/local/font/latin/font16.dc6	0	78	-	187	420	14	16	0	0	?	?	?	-	0x501bc0
380	CelDrawColor	data/local/font/latin/font16.dc6	0	32	-	197	420	14	16	0	0	?	?	?	-	0x501bc0
381	CelDrawColor	data/local/font/latin/font16.dc6	0	67	-	205	420	14	16	0	0	?	?	?	-	0x501bc0
382	CelDrawColor	data/local/font/latin/font16.dc6	0	72	-	214	420	14	16	0	0	?	?	?	-	0x501bc0
383	CelDrawColor	data/local/font/latin/font16.dc6	0	65	-	223	420	14	16	0	0	?	?	?	-	0x501bc0
384	CelDrawColor	data/local/font/latin/font16.dc6	0	82	-	235	420	14	16	0	0	?	?	?	-	0x501bc0
385	CelDrawColor	data/local/font/latin/font16.dc6	0	65	-	245	420	14	16	0	0	?	?	?	-	0x501bc0
386	CelDrawColor	data/local/font/latin/font16.dc6	0	67	-	257	420	14	16	0	0	?	?	?	-	0x501bc0
387	CelDrawColor	data/local/font/latin/font16.dc6	0	84	-	266	420	14	16	0	0	?	?	?	-	0x501bc0
388	CelDrawColor	data/local/font/latin/font16.dc6	0	69	-	277	420	14	16	0	0	?	?	?	-	0x501bc0
389	CelDrawColor	data/local/font/latin/font16.dc6	0	82	-	285	420	14	16	0	0	?	?	?	-	0x501bc0
390	CelDrawColor	data/local/font/latin/font16.dc6	0	83	-	385	392	14	16	0	0	?	?	?	-	0x501bc0
391	CelDrawColor	data/local/font/latin/font16.dc6	0	99	-	392	392	14	16	0	0	?	?	?	-	0x501bc0
392	CelDrawColor	data/local/font/latin/font16.dc6	0	110	-	400	392	14	16	0	0	?	?	?	-	0x501bc0
393	CelDrawColor	data/local/font/latin/font16.dc6	0	65	-	409	392	14	16	0	0	?	?	?	-	0x501bc0
394	CelDrawColor	data/local/font/latin/font16.dc6	0	109	-	421	392	14	16	0	0	?	?	?	-	0x501bc0
395	CelDrawColor	data/local/font/latin/font16.dc6	0	50	-	431	392	14	16	0	0	?	?	?	-	0x501bc0
396	CelDrawColor	data/local/font/latin/font16.dc6	0	76	-	385	406	14	16	0	0	?	?	?	-	0x501bc0
397	CelDrawColor	data/local/font/latin/font16.dc6	0	101	-	393	406	14	16	0	0	?	?	?	-	0x501bc0
398	CelDrawColor	data/local/font/latin/font16.dc6	0	118	-	400	406	14	16	0	0	?	?	?	-	0x501bc0
399	CelDrawColor	data/local/font/latin/font16.dc6	0	101	-	410	406	14	16	0	0	?	?	?	-	0x501bc0
400	CelDrawColor	data/local/font/latin/font16.dc6	0	108	-	417	406	14	16	0	0	?	?	?	-	0x501bc0
401	CelDrawColor	data/local/font/latin/font16.dc6	0	32	-	424	406	14	16	0	0	?	?	?	-	0x501bc0
402	CelDrawColor	data/local/font/latin/font16.dc6	0	49	-	432	406	14	16	0	0	?	?	?	-	0x501bc0
403	CelDrawColor	data/local/font/latin/font16.dc6	0	32	-	437	406	14	16	0	0	?	?	?	-	0x501bc0
404	CelDrawColor	data/local/font/latin/font16.dc6	0	65	-	445	406	14	16	0	0	?	?	?	-	0x501bc0
405	CelDrawColor	data/local/font/latin/font16.dc6	0	109	-	457	406	14	16	0	0	?	?	?	-	0x501bc0
406	CelDrawColor	data/local/font/latin/font16.dc6	0	97	-	467	406	14	16	0	0	?	?	?	-	0x501bc0
407	CelDrawColor	data/local/font/latin/font16.dc6	0	122	-	477	406	14	16	0	0	?	?	?	-	0x501bc0
408	CelDrawColor	data/local/font/latin/font16.dc6	0	111	-	484	406	14	16	0	0	?	?	?	-	0x501bc0
409	CelDrawColor	data/local/font/latin/font16.dc6	0	110	-	494	406	14	16	0	0	?	?	?	-	0x501bc0
410	CelDrawColor	data/local/font/latin/font16.dc6	0	69	-	385	420	14	16	0	0	?	?	?	-	0x501bc0
411	CelDrawColor	data/local/font/latin/font16.dc6	0	88	-	393	420	14	16	0	0	?	?	?	-	0x501bc0
412	CelDrawColor	data/local/font/latin/font16.dc6	0	80	-	405	420	14	16	0	0	?	?	?	-	0x501bc0
413	CelDrawColor	data/local/font/latin/font16.dc6	0	65	-	414	420	14	16	0	0	?	?	?	-	0x501bc0
414	CelDrawColor	data/local/font/latin/font16.dc6	0	78	-	426	420	14	16	0	0	?	?	?	-	0x501bc0
415	CelDrawColor	data/local/font/latin/font16.dc6	0	83	-	436	420	14	16	0	0	?	?	?	-	0x501bc0
416	CelDrawColor	data/local/font/latin/font16.dc6	0	73	-	443	420	14	16	0	0	?	?	?	-	0x501bc0
417	CelDrawColor	data/local/font/latin/font16.dc6	0	79	-	448	420	14	16	0	0	?	?	?	-	0x501bc0
418	CelDrawColor	data/local/font/latin/font16.dc6	0	78	-	459	420	14	16	0	0	?	?	?	-	0x501bc0
419	CelDrawColor	data/local/font/latin/font16.dc6	0	32	-	469	420	14	16	0	0	?	?	?	-	0x501bc0
420	CelDrawColor	data/local/font/latin/font16.dc6	0	67	-	477	420	14	16	0	0	?	?	?	-	0x501bc0
421	CelDrawColor	data/local/font/latin/font16.dc6	0	72	-	486	420	14	16	0	0	?	?	?	-	0x501bc0
422	CelDrawColor	data/local/font/latin/font16.dc6	0	65	-	495	420	14	16	0	0	?	?	?	-	0x501bc0
423	CelDrawColor	data/local/font/latin/font16.dc6	0	82	-	507	420	14	16	0	0	?	?	?	-	0x501bc0
424	CelDrawColor	data/local/font/latin/font16.dc6	0	65	-	517	420	14	16	0	0	?	?	?	-	0x501bc0
425	CelDrawColor	data/local/font/latin/font16.dc6	0	67	-	529	420	14	16	0	0	?	?	?	-	0x501bc0
426	CelDrawColor	data/local/font/latin/font16.dc6	0	84	-	538	420	14	16	0	0	?	?	?	-	0x501bc0
427	CelDrawColor	data/local/font/latin/font16.dc6	0	69	-	549	420	14	16	0	0	?	?	?	-	0x501bc0
428	CelDrawColor	data/local/font/latin/font16.dc6	0	82	-	557	420	14	16	0	0	?	?	?	-	0x501bc0
429	CelDraw	data/global/ui/charselect/charselectbox.dc6	0	0	-	37	178	256	93	0	0	5	0xffffffff	0	-	0x4fd311
430	CelDraw	data/global/ui/charselect/charselectbox.dc6	0	1	-	293	178	16	93	0	0	5	0xffffffff	0	-	0x4fd311
431	CelDraw	data/global/chars/so/ra/soralittnhth.dcc	0	10	-	67	258	10	31	-13	-25	5	0xffffffff	0	-	0x503dc7
432	CelDraw	data/global/chars/so/lg/solglittnhth.dcc	0	10	-	67	258	28	46	-17	2	5	0xffffffff	0	-	0x503dc7
433	CelDraw	data/global/chars/so/la/solalittnhth.dcc	0	10	-	67	258	10	29	4	-24	5	0xffffffff	0	-	0x503dc7
434	CelDraw	data/global/chars/so/tr/sotrlittnhth.dcc	0	10	-	67	258	13	22	-6	-37	5	0xffffffff	0	-	0x503dc7
435	CelDraw	data/global/chars/so/hd/sohdlittnhth.dcc	0	10	-	67	258	17	23	-11	-43	5	0xffffffff	0	-	0x503dc7
436	CelDraw	data/global/chars/so/s1/sos1littnhth.dcc	0	10	-	67	258	8	5	-10	-51	5	0xffffffff	0	-	0x503dc7
437	CelDraw	data/global/chars/so/s2/sos2littnhth.dcc	0	10	-	67	258	8	5	3	-49	5	0xffffffff	0	-	0x503dc7
438	CelDraw	data/global/chars/so/sh/soshlittnhth.dcc	0	10	-	67	258	?	?	?	?	5	0xffffffff	0	-	0x503dc7
439	CelDraw	data/global/chars/am/sh/amshlittn1ht.dcc	0	10	-	339	165	?	?	?	?	5	0xffffffff	0	-	0x503dc7
440	CelDraw	data/global/chars/am/la/amlalittn1ht.dcc	0	10	-	339	165	9	29	0	-23	5	0xffffffff	0	-	0x503dc7
441	CelDraw	data/global/chars/am/ra/amralittnhth.dcc	0	10	-	339	165	9	29	-17	-25	5	0xffffffff	0	-	0x503dc7
442	CelDraw	data/global/chars/am/lg/amlglittn1ht.dcc	0	10	-	339	165	18	45	-13	7	5	0xffffffff	0	-	0x503dc7
443	CelDraw	data/global/chars/am/tr/amtrlittn1ht.dcc	0	10	-	339	165	14	25	-11	-31	5	0xffffffff	0	-	0x503dc7
444	CelDraw	data/global/chars/am/s2/ams2littn1ht.dcc	0	10	-	339	165	7	10	1	-45	5	0xffffffff	0	-	0x503dc7
445	CelDraw	data/global/chars/am/s1/ams1littn1ht.dcc	0	10	-	339	165	7	6	-12	-49	5	0xffffffff	0	-	0x503dc7
446	CelDraw	data/global/chars/am/hd/amhdlittn1ht.dcc	0	10	-	339	165	9	17	-7	-51	5	0xffffffff	0	-	0x503dc7
447	CelDraw	data/global/chars/am/sh/amshlittn1ht.dcc	0	10	-	67	351	?	?	?	?	5	0xffffffff	0	-	0x503dc7
448	CelDraw	data/global/chars/am/la/amlalittn1ht.dcc	0	10	-	67	351	9	29	0	-23	5	0xffffffff	0	-	0x503dc7
449	CelDraw	data/global/chars/am/ra/amralittnhth.dcc	0	10	-	67	351	9	29	-17	-25	5	0xffffffff	0	-	0x503dc7
450	CelDraw	data/global/chars/am/lg/amlglittn1ht.dcc	0	10	-	67	351	18	45	-13	7	5	0xffffffff	0	-	0x503dc7
451	CelDraw	data/global/chars/am/tr/amtrlittn1ht.dcc	0	10	-	67	351	14	25	-11	-31	5	0xffffffff	0	-	0x503dc7
452	CelDraw	data/global/chars/am/s2/ams2littn1ht.dcc	0	10	-	67	351	7	10	1	-45	5	0xffffffff	0	-	0x503dc7
453	CelDraw	data/global/chars/am/s1/ams1littn1ht.dcc	0	10	-	67	351	7	6	-12	-49	5	0xffffffff	0	-	0x503dc7
454	CelDraw	data/global/chars/am/hd/amhdlittn1ht.dcc	0	10	-	67	351	9	17	-7	-51	5	0xffffffff	0	-	0x503dc7
455	CelDraw	data/global/chars/am/sh/amshlittn1ht.dcc	0	10	-	339	351	?	?	?	?	5	0xffffffff	0	-	0x503dc7
456	CelDraw	data/global/chars/am/la/amlalittn1ht.dcc	0	10	-	339	351	9	29	0	-23	5	0xffffffff	0	-	0x503dc7
457	CelDraw	data/global/chars/am/ra/amralittnhth.dcc	0	10	-	339	351	9	29	-17	-25	5	0xffffffff	0	-	0x503dc7
458	CelDraw	data/global/chars/am/lg/amlglittn1ht.dcc	0	10	-	339	351	18	45	-13	7	5	0xffffffff	0	-	0x503dc7
459	CelDraw	data/global/chars/am/tr/amtrlittn1ht.dcc	0	10	-	339	351	14	25	-11	-31	5	0xffffffff	0	-	0x503dc7
460	CelDraw	data/global/chars/am/s2/ams2littn1ht.dcc	0	10	-	339	351	7	10	1	-45	5	0xffffffff	0	-	0x503dc7
461	CelDraw	data/global/chars/am/s1/ams1littn1ht.dcc	0	10	-	339	351	7	6	-12	-49	5	0xffffffff	0	-	0x503dc7
462	CelDraw	data/global/chars/am/hd/amhdlittn1ht.dcc	0	10	-	339	351	9	17	-7	-51	5	0xffffffff	0	-	0x503dc7
463	CelDraw	data/global/chars/am/sh/amshlittn1ht.dcc	0	10	-	67	444	?	?	?	?	5	0xffffffff	0	-	0x503dc7
464	CelDraw	data/global/chars/am/la/amlalittn1ht.dcc	0	10	-	67	444	9	29	0	-23	5	0xffffffff	0	-	0x503dc7
465	CelDraw	data/global/chars/am/ra/amralittnhth.dcc	0	10	-	67	444	9	29	-17	-25	5	0xffffffff	0	-	0x503dc7
466	CelDraw	data/global/chars/am/lg/amlglittn1ht.dcc	0	10	-	67	444	18	45	-13	7	5	0xffffffff	0	-	0x503dc7
467	CelDraw	data/global/chars/am/tr/amtrlittn1ht.dcc	0	10	-	67	444	14	25	-11	-31	5	0xffffffff	0	-	0x503dc7
468	CelDraw	data/global/chars/am/s2/ams2littn1ht.dcc	0	10	-	67	444	7	10	1	-45	5	0xffffffff	0	-	0x503dc7
469	CelDraw	data/global/chars/am/s1/ams1littn1ht.dcc	0	10	-	67	444	7	6	-12	-49	5	0xffffffff	0	-	0x503dc7
470	CelDraw	data/global/chars/am/hd/amhdlittn1ht.dcc	0	10	-	67	444	9	17	-7	-51	5	0xffffffff	0	-	0x503dc7
471	CelDraw	data/global/chars/am/sh/amshlittn1ht.dcc	0	10	-	339	444	?	?	?	?	5	0xffffffff	0	-	0x503dc7
472	CelDraw	data/global/chars/am/la/amlalittn1ht.dcc	0	10	-	339	444	9	29	0	-23	5	0xffffffff	0	-	0x503dc7
473	CelDraw	data/global/chars/am/ra/amralittnhth.dcc	0	10	-	339	444	9	29	-17	-25	5	0xffffffff	0	-	0x503dc7
474	CelDraw	data/global/chars/am/lg/amlglittn1ht.dcc	0	10	-	339	444	18	45	-13	7	5	0xffffffff	0	-	0x503dc7
475	CelDraw	data/global/chars/am/tr/amtrlittn1ht.dcc	0	10	-	339	444	14	25	-11	-31	5	0xffffffff	0	-	0x503dc7
476	CelDraw	data/global/chars/am/s2/ams2littn1ht.dcc	0	10	-	339	444	7	10	1	-45	5	0xffffffff	0	-	0x503dc7
477	CelDraw	data/global/chars/am/s1/ams1littn1ht.dcc	0	10	-	339	444	7	6	-12	-49	5	0xffffffff	0	-	0x503dc7
478	CelDraw	data/global/chars/am/hd/amhdlittn1ht.dcc	0	10	-	339	444	9	17	-7	-51	5	0xffffffff	0	-	0x503dc7
479	CelDraw	data/global/chars/pa/lg/palglittn1hs.dcc	0	7	-	67	165	21	51	-10	1	5	0xffffffff	0	-	0x503dc7
480	CelDraw	data/global/chars/pa/ra/paralittnhth.dcc	0	7	-	67	165	11	29	-16	-31	5	0xffffffff	0	-	0x503dc7
481	CelDraw	data/global/chars/pa/tr/patrlittn1hs.dcc	0	7	-	67	165	20	27	-10	-38	5	0xffffffff	0	-	0x503dc7
482	CelDraw	data/global/chars/pa/s1/pas1littn1hs.dcc	0	7	-	67	165	11	12	-13	-53	5	0xffffffff	0	-	0x503dc7
483	CelDraw	data/global/chars/pa/la/palalittn1hs.dcc	0	7	-	67	165	11	28	5	-32	5	0xffffffff	0	-	0x503dc7
484	CelDraw	data/global/chars/pa/s2/pas2littn1hs.dcc	0	7	-	67	165	10	11	3	-53	5	0xffffffff	0	-	0x503dc7
485	CelDraw	data/global/chars/pa/sh/pashlittn1hs.dcc	0	7	-	67	165	?	?	?	?	5	0xffffffff	0	-	0x503dc7
486	CelDraw	data/global/chars/pa/hd/pahdlittn1hs.dcc	0	7	-	67	165	8	11	-4	-60	5	0xffffffff	0	-	0x503dc7
487	CelDraw	data/global/chars/ba/lg/balglittnhth.dcc	0	10	-	339	258	32	52	-16	4	5	0xffffffff	0	-	0x503dc7
488	CelDraw	data/global/chars/ba/tr/batrlittnhth.dcc	0	10	-	339	258	26	29	-13	-38	5	0xffffffff	0	-	0x503dc7
489	CelDraw	data/global/chars/ba/sh/bashlittnhth.dcc	0	10	-	339	258	?	?	?	?	5	0xffffffff	0	-	0x503dc7
490	CelDraw	data/global/chars/ba/la/balalittnhth.dcc	0	10	-	339	258	17	33	6	-30	5	0xffffffff	0	-	0x503dc7
491	CelDraw	data/global/chars/ba/ra/baralittnhth.dcc	0	10	-	339	258	18	34	-23	-26	5	0xffffffff	0	-	0x503dc7
492	CelDraw	data/global/chars/ba/s1/bas1littnhth.dcc	0	10	-	339	258	12	7	-15	-56	5	0xffffffff	0	-	0x503dc7
493	CelDraw	data/global/chars/ba/s2/bas2littnhth.dcc	0	10	-	339	258	14	8	3	-58	5	0xffffffff	0	-	0x503dc7
494	CelDraw	data/global/chars/ba/hd/bahdlittnhth.dcc	0	10	-	339	258	8	13	-4	-60	5	0xffffffff	0	-	0x503dc7
495	CelDraw	data/global/ui/cursor/ohand.dc6	0	0	-	117	497	32	26	-1	24	5	0xffffffff	0	-	0x4f985e
