# facts v1; tool: trace-recorder facts_render 0.3.0; command: py tools/trace-recorder/facts_render.py game/captures/pc1today/fe-m.jsonl --shot create-name --scene frontend-create-name --out facts/render; game: 1.14d
i	op	file	dir	frame	tile	x	y	w	h	xoff	yoff	mode	light	pal	unit	at
0	StartDraw	-	-	-	-	0	0	-	-	-	-	-	-	-	-	0x4f9934
1	ClearScreen	-	-	-	-	0	-	-	-	-	-	-	-	-	-	0x4f9943
2	CelDraw	data/global/ui/frontend/charactercreationscreenexp.dc6	0	0	-	0	256	256	256	0	0	5	0xffffffff	0	-	0x4fd2c8
3	CelDraw	data/global/ui/frontend/charactercreationscreenexp.dc6	0	1	-	256	256	256	256	0	0	5	0xffffffff	0	-	0x4fd2c8
4	CelDraw	data/global/ui/frontend/charactercreationscreenexp.dc6	0	2	-	512	256	256	256	0	0	5	0xffffffff	0	-	0x4fd2c8
5	CelDraw	data/global/ui/frontend/charactercreationscreenexp.dc6	0	3	-	768	256	32	256	0	0	5	0xffffffff	0	-	0x4fd2c8
6	CelDraw	data/global/ui/frontend/charactercreationscreenexp.dc6	0	4	-	0	512	256	256	0	0	5	0xffffffff	0	-	0x4fd2c8
7	CelDraw	data/global/ui/frontend/charactercreationscreenexp.dc6	0	5	-	256	512	256	256	0	0	5	0xffffffff	0	-	0x4fd2c8
8	CelDraw	data/global/ui/frontend/charactercreationscreenexp.dc6	0	6	-	512	512	256	256	0	0	5	0xffffffff	0	-	0x4fd2c8
9	CelDraw	data/global/ui/frontend/charactercreationscreenexp.dc6	0	7	-	768	512	32	256	0	0	5	0xffffffff	0	-	0x4fd2c8
10	CelDraw	data/global/ui/frontend/charactercreationscreenexp.dc6	0	8	-	0	599	256	88	0	0	5	0xffffffff	0	-	0x4fd311
11	CelDraw	data/global/ui/frontend/charactercreationscreenexp.dc6	0	9	-	256	599	256	88	0	0	5	0xffffffff	0	-	0x4fd311
12	CelDraw	data/global/ui/frontend/charactercreationscreenexp.dc6	0	10	-	512	599	256	88	0	0	5	0xffffffff	0	-	0x4fd311
13	CelDraw	data/global/ui/frontend/charactercreationscreenexp.dc6	0	11	-	768	599	32	88	0	0	5	0xffffffff	0	-	0x4fd311
14	CelDrawColor	data/local/font/latin/font30.dc6	0	83	-	334	99	29	30	0	0	?	?	?	-	0x501bc0
15	CelDrawColor	data/local/font/latin/font30.dc6	0	111	-	348	99	29	30	0	0	?	?	?	-	0x501bc0
16	CelDrawColor	data/local/font/latin/font30.dc6	0	114	-	366	99	29	30	0	0	?	?	?	-	0x501bc0
17	CelDrawColor	data/local/font/latin/font30.dc6	0	99	-	382	99	29	30	0	0	?	?	?	-	0x501bc0
18	CelDrawColor	data/local/font/latin/font30.dc6	0	101	-	397	99	29	30	0	0	?	?	?	-	0x501bc0
19	CelDrawColor	data/local/font/latin/font30.dc6	0	114	-	410	99	29	30	0	0	?	?	?	-	0x501bc0
20	CelDrawColor	data/local/font/latin/font30.dc6	0	101	-	426	99	29	30	0	0	?	?	?	-	0x501bc0
21	CelDrawColor	data/local/font/latin/font30.dc6	0	115	-	439	99	29	30	0	0	?	?	?	-	0x501bc0
22	CelDrawColor	data/local/font/latin/font30.dc6	0	115	-	452	99	29	30	0	0	?	?	?	-	0x501bc0
23	CelDrawColor	data/local/font/latin/font16.dc6	0	83	-	280	120	14	16	0	0	?	?	?	-	0x501bc0
24	CelDrawColor	data/local/font/latin/font16.dc6	0	104	-	287	120	14	16	0	0	?	?	?	-	0x501bc0
25	CelDrawColor	data/local/font/latin/font16.dc6	0	101	-	294	120	14	16	0	0	?	?	?	-	0x501bc0
26	CelDrawColor	data/local/font/latin/font16.dc6	0	32	-	301	120	14	16	0	0	?	?	?	-	0x501bc0
27	CelDrawColor	data/local/font/latin/font16.dc6	0	104	-	309	120	14	16	0	0	?	?	?	-	0x501bc0
28	CelDrawColor	data/local/font/latin/font16.dc6	0	97	-	316	120	14	16	0	0	?	?	?	-	0x501bc0
29	CelDrawColor	data/local/font/latin/font16.dc6	0	115	-	326	120	14	16	0	0	?	?	?	-	0x501bc0
30	CelDrawColor	data/local/font/latin/font16.dc6	0	32	-	333	120	14	16	0	0	?	?	?	-	0x501bc0
31	CelDrawColor	data/local/font/latin/font16.dc6	0	109	-	341	120	14	16	0	0	?	?	?	-	0x501bc0
32	CelDrawColor	data/local/font/latin/font16.dc6	0	97	-	351	120	14	16	0	0	?	?	?	-	0x501bc0
33	CelDrawColor	data/local/font/latin/font16.dc6	0	115	-	361	120	14	16	0	0	?	?	?	-	0x501bc0
34	CelDrawColor	data/local/font/latin/font16.dc6	0	116	-	368	120	14	16	0	0	?	?	?	-	0x501bc0
35	CelDrawColor	data/local/font/latin/font16.dc6	0	101	-	377	120	14	16	0	0	?	?	?	-	0x501bc0
36	CelDrawColor	data/local/font/latin/font16.dc6	0	114	-	384	120	14	16	0	0	?	?	?	-	0x501bc0
37	CelDrawColor	data/local/font/latin/font16.dc6	0	101	-	393	120	14	16	0	0	?	?	?	-	0x501bc0
38	CelDrawColor	data/local/font/latin/font16.dc6	0	100	-	400	120	14	16	0	0	?	?	?	-	0x501bc0
39	CelDrawColor	data/local/font/latin/font16.dc6	0	32	-	408	120	14	16	0	0	?	?	?	-	0x501bc0
40	CelDrawColor	data/local/font/latin/font16.dc6	0	116	-	416	120	14	16	0	0	?	?	?	-	0x501bc0
41	CelDrawColor	data/local/font/latin/font16.dc6	0	104	-	425	120	14	16	0	0	?	?	?	-	0x501bc0
42	CelDrawColor	data/local/font/latin/font16.dc6	0	101	-	432	120	14	16	0	0	?	?	?	-	0x501bc0
43	CelDrawColor	data/local/font/latin/font16.dc6	0	32	-	439	120	14	16	0	0	?	?	?	-	0x501bc0
44	CelDrawColor	data/local/font/latin/font16.dc6	0	101	-	447	120	14	16	0	0	?	?	?	-	0x501bc0
45	CelDrawColor	data/local/font/latin/font16.dc6	0	108	-	454	120	14	16	0	0	?	?	?	-	0x501bc0
46	CelDrawColor	data/local/font/latin/font16.dc6	0	101	-	461	120	14	16	0	0	?	?	?	-	0x501bc0
47	CelDrawColor	data/local/font/latin/font16.dc6	0	109	-	468	120	14	16	0	0	?	?	?	-	0x501bc0
48	CelDrawColor	data/local/font/latin/font16.dc6	0	101	-	478	120	14	16	0	0	?	?	?	-	0x501bc0
49	CelDrawColor	data/local/font/latin/font16.dc6	0	110	-	485	120	14	16	0	0	?	?	?	-	0x501bc0
50	CelDrawColor	data/local/font/latin/font16.dc6	0	116	-	494	120	14	16	0	0	?	?	?	-	0x501bc0
51	CelDrawColor	data/local/font/latin/font16.dc6	0	97	-	503	120	14	16	0	0	?	?	?	-	0x501bc0
52	CelDrawColor	data/local/font/latin/font16.dc6	0	108	-	513	120	14	16	0	0	?	?	?	-	0x501bc0
53	CelDrawColor	data/local/font/latin/font16.dc6	0	109	-	269	134	14	16	0	0	?	?	?	-	0x501bc0
54	CelDrawColor	data/local/font/latin/font16.dc6	0	97	-	279	134	14	16	0	0	?	?	?	-	0x501bc0
55	CelDrawColor	data/local/font/latin/font16.dc6	0	103	-	289	134	14	16	0	0	?	?	?	-	0x501bc0
56	CelDrawColor	data/local/font/latin/font16.dc6	0	105	-	298	134	14	16	0	0	?	?	?	-	0x501bc0
57	CelDrawColor	data/local/font/latin/font16.dc6	0	99	-	302	134	14	16	0	0	?	?	?	-	0x501bc0
58	CelDrawColor	data/local/font/latin/font16.dc6	0	107	-	310	134	14	16	0	0	?	?	?	-	0x501bc0
59	CelDrawColor	data/local/font/latin/font16.dc6	0	115	-	318	134	14	16	0	0	?	?	?	-	0x501bc0
60	CelDrawColor	data/local/font/latin/font16.dc6	0	32	-	325	134	14	16	0	0	?	?	?	-	0x501bc0
61	CelDrawColor	data/local/font/latin/font16.dc6	0	45	-	333	134	14	16	0	0	?	?	?	-	0x501bc0
62	CelDrawColor	data/local/font/latin/font16.dc6	0	45	-	338	134	14	16	0	0	?	?	?	-	0x501bc0
63	CelDrawColor	data/local/font/latin/font16.dc6	0	32	-	343	134	14	16	0	0	?	?	?	-	0x501bc0
64	CelDrawColor	data/local/font/latin/font16.dc6	0	102	-	351	134	14	16	0	0	?	?	?	-	0x501bc0
65	CelDrawColor	data/local/font/latin/font16.dc6	0	105	-	358	134	14	16	0	0	?	?	?	-	0x501bc0
66	CelDrawColor	data/local/font/latin/font16.dc6	0	114	-	362	134	14	16	0	0	?	?	?	-	0x501bc0
67	CelDrawColor	data/local/font/latin/font16.dc6	0	101	-	371	134	14	16	0	0	?	?	?	-	0x501bc0
68	CelDrawColor	data/local/font/latin/font16.dc6	0	44	-	378	134	14	16	0	0	?	?	?	-	0x501bc0
69	CelDrawColor	data/local/font/latin/font16.dc6	0	32	-	383	134	14	16	0	0	?	?	?	-	0x501bc0
70	CelDrawColor	data/local/font/latin/font16.dc6	0	108	-	391	134	14	16	0	0	?	?	?	-	0x501bc0
71	CelDrawColor	data/local/font/latin/font16.dc6	0	105	-	398	134	14	16	0	0	?	?	?	-	0x501bc0
72	CelDrawColor	data/local/font/latin/font16.dc6	0	103	-	402	134	14	16	0	0	?	?	?	-	0x501bc0
73	CelDrawColor	data/local/font/latin/font16.dc6	0	104	-	411	134	14	16	0	0	?	?	?	-	0x501bc0
74	CelDrawColor	data/local/font/latin/font16.dc6	0	116	-	418	134	14	16	0	0	?	?	?	-	0x501bc0
75	CelDrawColor	data/local/font/latin/font16.dc6	0	110	-	427	134	14	16	0	0	?	?	?	-	0x501bc0
76	CelDrawColor	data/local/font/latin/font16.dc6	0	105	-	436	134	14	16	0	0	?	?	?	-	0x501bc0
77	CelDrawColor	data/local/font/latin/font16.dc6	0	110	-	440	134	14	16	0	0	?	?	?	-	0x501bc0
78	CelDrawColor	data/local/font/latin/font16.dc6	0	103	-	449	134	14	16	0	0	?	?	?	-	0x501bc0
79	CelDrawColor	data/local/font/latin/font16.dc6	0	44	-	458	134	14	16	0	0	?	?	?	-	0x501bc0
80	CelDrawColor	data/local/font/latin/font16.dc6	0	32	-	463	134	14	16	0	0	?	?	?	-	0x501bc0
81	CelDrawColor	data/local/font/latin/font16.dc6	0	97	-	471	134	14	16	0	0	?	?	?	-	0x501bc0
82	CelDrawColor	data/local/font/latin/font16.dc6	0	110	-	481	134	14	16	0	0	?	?	?	-	0x501bc0
83	CelDrawColor	data/local/font/latin/font16.dc6	0	100	-	490	134	14	16	0	0	?	?	?	-	0x501bc0
84	CelDrawColor	data/local/font/latin/font16.dc6	0	32	-	498	134	14	16	0	0	?	?	?	-	0x501bc0
85	CelDrawColor	data/local/font/latin/font16.dc6	0	105	-	506	134	14	16	0	0	?	?	?	-	0x501bc0
86	CelDrawColor	data/local/font/latin/font16.dc6	0	99	-	510	134	14	16	0	0	?	?	?	-	0x501bc0
87	CelDrawColor	data/local/font/latin/font16.dc6	0	101	-	518	134	14	16	0	0	?	?	?	-	0x501bc0
88	CelDrawColor	data/local/font/latin/font16.dc6	0	46	-	525	134	14	16	0	0	?	?	?	-	0x501bc0
89	CelDrawColor	data/local/font/latin/font30.dc6	0	83	-	273	49	29	30	0	0	?	?	?	-	0x501bc0
90	CelDrawColor	data/local/font/latin/font30.dc6	0	101	-	287	49	29	30	0	0	?	?	?	-	0x501bc0
91	CelDrawColor	data/local/font/latin/font30.dc6	0	108	-	300	49	29	30	0	0	?	?	?	-	0x501bc0
92	CelDrawColor	data/local/font/latin/font30.dc6	0	101	-	312	49	29	30	0	0	?	?	?	-	0x501bc0
93	CelDrawColor	data/local/font/latin/font30.dc6	0	99	-	325	49	29	30	0	0	?	?	?	-	0x501bc0
94	CelDrawColor	data/local/font/latin/font30.dc6	0	116	-	340	49	29	30	0	0	?	?	?	-	0x501bc0
95	CelDrawColor	data/local/font/latin/font30.dc6	0	32	-	357	49	29	30	0	0	?	?	?	-	0x501bc0
96	CelDrawColor	data/local/font/latin/font30.dc6	0	72	-	373	49	29	30	0	0	?	?	?	-	0x501bc0
97	CelDrawColor	data/local/font/latin/font30.dc6	0	101	-	389	49	29	30	0	0	?	?	?	-	0x501bc0
98	CelDrawColor	data/local/font/latin/font30.dc6	0	114	-	402	49	29	30	0	0	?	?	?	-	0x501bc0
99	CelDrawColor	data/local/font/latin/font30.dc6	0	111	-	418	49	29	30	0	0	?	?	?	-	0x501bc0
100	CelDrawColor	data/local/font/latin/font30.dc6	0	32	-	436	49	29	30	0	0	?	?	?	-	0x501bc0
101	CelDrawColor	data/local/font/latin/font30.dc6	0	67	-	452	49	29	30	0	0	?	?	?	-	0x501bc0
102	CelDrawColor	data/local/font/latin/font30.dc6	0	108	-	469	49	29	30	0	0	?	?	?	-	0x501bc0
103	CelDrawColor	data/local/font/latin/font30.dc6	0	97	-	481	49	29	30	0	0	?	?	?	-	0x501bc0
104	CelDrawColor	data/local/font/latin/font30.dc6	0	115	-	500	49	29	30	0	0	?	?	?	-	0x501bc0
105	CelDrawColor	data/local/font/latin/font30.dc6	0	115	-	513	49	29	30	0	0	?	?	?	-	0x501bc0
106	CelDraw	data/global/ui/frontend/mediumselbuttonblank.dc6	0	0	-	33	572	128	35	0	0	5	0xffffffff	0	-	0x500f6c
107	CelDrawColor	data/local/font/latin/fontexocet10.dc6	0	69	-	76	564	17	18	0	0	?	?	?	-	0x501d77
108	CelDrawColor	data/local/font/latin/fontexocet10.dc6	0	88	-	85	564	17	18	0	0	?	?	?	-	0x501d77
109	CelDrawColor	data/local/font/latin/fontexocet10.dc6	0	73	-	99	564	17	18	0	0	?	?	?	-	0x501d77
110	CelDrawColor	data/local/font/latin/fontexocet10.dc6	0	84	-	105	564	17	18	0	0	?	?	?	-	0x501d77
111	CelDraw	data/global/ui/frontend/textbox.dc6	0	0	-	319	519	169	26	0	0	5	0xffffffff	0	-	0x4fd311
112	CelDrawColor	data/local/font/latin/font16.dc6	0	67	-	321	490	14	16	0	0	?	?	?	-	0x501bc0
113	CelDrawColor	data/local/font/latin/font16.dc6	0	104	-	330	490	14	16	0	0	?	?	?	-	0x501bc0
114	CelDrawColor	data/local/font/latin/font16.dc6	0	97	-	337	490	14	16	0	0	?	?	?	-	0x501bc0
115	CelDrawColor	data/local/font/latin/font16.dc6	0	114	-	347	490	14	16	0	0	?	?	?	-	0x501bc0
116	CelDrawColor	data/local/font/latin/font16.dc6	0	97	-	356	490	14	16	0	0	?	?	?	-	0x501bc0
117	CelDrawColor	data/local/font/latin/font16.dc6	0	99	-	366	490	14	16	0	0	?	?	?	-	0x501bc0
118	CelDrawColor	data/local/font/latin/font16.dc6	0	116	-	374	490	14	16	0	0	?	?	?	-	0x501bc0
119	CelDrawColor	data/local/font/latin/font16.dc6	0	101	-	383	490	14	16	0	0	?	?	?	-	0x501bc0
120	CelDrawColor	data/local/font/latin/font16.dc6	0	114	-	390	490	14	16	0	0	?	?	?	-	0x501bc0
121	CelDrawColor	data/local/font/latin/font16.dc6	0	32	-	399	490	14	16	0	0	?	?	?	-	0x501bc0
122	CelDrawColor	data/local/font/latin/font16.dc6	0	78	-	407	490	14	16	0	0	?	?	?	-	0x501bc0
123	CelDrawColor	data/local/font/latin/font16.dc6	0	97	-	417	490	14	16	0	0	?	?	?	-	0x501bc0
124	CelDrawColor	data/local/font/latin/font16.dc6	0	109	-	427	490	14	16	0	0	?	?	?	-	0x501bc0
125	CelDrawColor	data/local/font/latin/font16.dc6	0	101	-	437	490	14	16	0	0	?	?	?	-	0x501bc0
126	CelDrawColor	data/local/font/latin/fontformal12.dc6	0	65	-	326	514	35	30	0	0	?	?	?	-	0x501bc0
127	CelDrawColor	data/local/font/latin/fontformal12.dc6	0	98	-	338	514	35	30	0	0	?	?	?	-	0x501bc0
128	CelDrawColor	data/local/font/latin/fontformal12.dc6	0	99	-	349	514	35	30	0	0	?	?	?	-	0x501bc0
129	CelDrawColor	data/local/font/latin/font16.dc6	0	69	-	339	539	14	16	0	0	?	?	?	-	0x501bc0
130	CelDrawColor	data/local/font/latin/font16.dc6	0	88	-	347	539	14	16	0	0	?	?	?	-	0x501bc0
131	CelDrawColor	data/local/font/latin/font16.dc6	0	80	-	359	539	14	16	0	0	?	?	?	-	0x501bc0
132	CelDrawColor	data/local/font/latin/font16.dc6	0	65	-	368	539	14	16	0	0	?	?	?	-	0x501bc0
133	CelDrawColor	data/local/font/latin/font16.dc6	0	78	-	380	539	14	16	0	0	?	?	?	-	0x501bc0
134	CelDrawColor	data/local/font/latin/font16.dc6	0	83	-	390	539	14	16	0	0	?	?	?	-	0x501bc0
135	CelDrawColor	data/local/font/latin/font16.dc6	0	73	-	397	539	14	16	0	0	?	?	?	-	0x501bc0
136	CelDrawColor	data/local/font/latin/font16.dc6	0	79	-	402	539	14	16	0	0	?	?	?	-	0x501bc0
137	CelDrawColor	data/local/font/latin/font16.dc6	0	78	-	413	539	14	16	0	0	?	?	?	-	0x501bc0
138	CelDrawColor	data/local/font/latin/font16.dc6	0	32	-	423	539	14	16	0	0	?	?	?	-	0x501bc0
139	CelDrawColor	data/local/font/latin/font16.dc6	0	67	-	431	539	14	16	0	0	?	?	?	-	0x501bc0
140	CelDrawColor	data/local/font/latin/font16.dc6	0	72	-	440	539	14	16	0	0	?	?	?	-	0x501bc0
141	CelDrawColor	data/local/font/latin/font16.dc6	0	65	-	449	539	14	16	0	0	?	?	?	-	0x501bc0
142	CelDrawColor	data/local/font/latin/font16.dc6	0	82	-	461	539	14	16	0	0	?	?	?	-	0x501bc0
143	CelDrawColor	data/local/font/latin/font16.dc6	0	65	-	471	539	14	16	0	0	?	?	?	-	0x501bc0
144	CelDrawColor	data/local/font/latin/font16.dc6	0	67	-	483	539	14	16	0	0	?	?	?	-	0x501bc0
145	CelDrawColor	data/local/font/latin/font16.dc6	0	84	-	492	539	14	16	0	0	?	?	?	-	0x501bc0
146	CelDrawColor	data/local/font/latin/font16.dc6	0	69	-	503	539	14	16	0	0	?	?	?	-	0x501bc0
147	CelDrawColor	data/local/font/latin/font16.dc6	0	82	-	511	539	14	16	0	0	?	?	?	-	0x501bc0
148	CelDraw	data/global/ui/frontend/clickbox.dc6	0	1	-	319	540	15	16	0	0	5	0xffffffff	0	-	0x500f6c
149	CelDrawColor	data/local/font/latin/font16.dc6	0	72	-	339	559	14	16	0	0	?	?	?	-	0x501bc0
150	CelDrawColor	data/local/font/latin/font16.dc6	0	97	-	348	559	14	16	0	0	?	?	?	-	0x501bc0
151	CelDrawColor	data/local/font/latin/font16.dc6	0	114	-	358	559	14	16	0	0	?	?	?	-	0x501bc0
152	CelDrawColor	data/local/font/latin/font16.dc6	0	100	-	367	559	14	16	0	0	?	?	?	-	0x501bc0
153	CelDrawColor	data/local/font/latin/font16.dc6	0	99	-	375	559	14	16	0	0	?	?	?	-	0x501bc0
154	CelDrawColor	data/local/font/latin/font16.dc6	0	111	-	383	559	14	16	0	0	?	?	?	-	0x501bc0
155	CelDrawColor	data/local/font/latin/font16.dc6	0	114	-	393	559	14	16	0	0	?	?	?	-	0x501bc0
156	CelDrawColor	data/local/font/latin/font16.dc6	0	101	-	402	559	14	16	0	0	?	?	?	-	0x501bc0
157	CelDraw	data/global/ui/frontend/clickbox.dc6	0	1	-	319	560	15	16	0	0	5	0xffffffff	0	-	0x500f6c
158	CelDraw	data/global/ui/frontend/mediumselbuttonblank.dc6	0	0	-	627	572	128	35	0	0	5	0xffffffff	0	-	0x500f6c
159	CelDrawColor	data/local/font/latin/fontexocet10.dc6	0	79	-	679	564	17	18	0	0	?	?	?	-	0x501d77
160	CelDrawColor	data/local/font/latin/fontexocet10.dc6	0	75	-	691	564	17	18	0	0	?	?	?	-	0x501d77
161	CelDraw	data/global/ui/frontend/barbarian/banu1.dc6	0	8	-	400	330	87	183	-39	51	5	0xffffffff	0	-	0x5006c7
162	CelDraw	data/global/ui/frontend/sorceress/sonu1.dc6	0	3	-	626	353	89	166	-61	53	5	0xffffffff	0	-	0x5006c7
163	CelDraw	data/global/ui/frontend/paladin/panu1.dc6	0	8	-	521	339	83	179	-34	52	5	0xffffffff	0	-	0x5006c7
164	CelDraw	data/global/ui/frontend/necromancer/nenu1.dc6	0	6	-	301	333	58	182	-31	63	5	0xffffffff	0	-	0x5006c7
165	CelDraw	data/global/ui/frontend/assassin/asnu1.dc6	0	15	-	232	364	50	189	-55	54	5	0xffffffff	0	-	0x5006c7
166	CelDraw	data/global/ui/frontend/amazon/amnu1.dc6	0	5	-	100	337	117	198	-75	80	5	0xffffffff	0	-	0x5006c7
167	CelDraw	data/global/ui/frontend/druid/dznu1.dc6	0	18	-	720	370	87	199	-40	48	5	0xffffffff	0	-	0x5006c7
168	CelDraw	data/global/ui/frontend/fire.dc6	0	26	-	379	338	110	139	-34	132	3	0xffffffff	0	-	0x5006c7
169	CelDraw	data/global/ui/cursor/ohand.dc6	0	0	-	326	551	32	26	-1	24	5	0xffffffff	0	-	0x4f985e
