# facts v1; tool: trace-recorder facts_render 0.2.0; command: py tools/trace-recorder/facts_render.py /home/user/D2RUST-Project/traces/raw/20261009-051832-frames.jsonl --scene a1-walk-sw --frame 41 --tile-light unknown --out /home/user/D2RUST-Project/facts/render; game: 1.14d
key	value
seq	41
tick	74
w	800
h	600
act	0
level	1
player_x	10352
player_y	72801
tile_origin_x	9952
tile_origin_y	72521
unit_origin_x	9952
unit_origin_y	72517
open_mode	0
shift_x	0
light_quality	0
rain	1
snow	0
draws	250
index_sha256	01038f75731650334264c0c607d8d76248ce781060c358db2baf592c8270adf8
palette_sha256	ba83219e51249002d7125a1a5a701d6abea94f04f44d6cfaa42becdfcff23337
