# facts v1; tool: trace-recorder facts_render 0.2.0; command: py tools/trace-recorder/facts_render.py /home/user/D2RUST-Project/traces/raw/20261009-044255-frames.jsonl --scene a1-cold-plains-monsters --frame 131 --tile-light unknown --out /home/user/D2RUST-Project/facts/render; game: 1.14d
key	value
seq	131
tick	253
w	800
h	600
act	0
level	3
player_x	8160
player_y	78616
tile_origin_x	7760
tile_origin_y	78336
unit_origin_x	7760
unit_origin_y	78332
open_mode	0
shift_x	0
light_quality	0
rain	1
snow	0
draws	303
index_sha256	1c1c9b5827647a3f0b255c7ab8c0dd12f66e3effc4a0404800e0d554c3c2bdf2
palette_sha256	ba83219e51249002d7125a1a5a701d6abea94f04f44d6cfaa42becdfcff23337
