id	name	size	layout	sender	client_handler	client_unit_handler	produced_by	confirmed
0x00	GameLoading	1		0x0053B320	0x0045C900	-	session	yes
0x01	GameFlags	8	difficulty:u8@1 unk:u32@2 expansion:u8@6 ladder:u8@7	0x0053B340	0x0045C8B0	-	sim	yes
0x02	LoadSuccessful	1		0x0053B320	0x0045C910	-	session	yes
0x03	LoadAct	12	act:u8@1 u32@2 u16@6 u32@8	0x0053B390	0x0045C8E0	-	sim	yes
0x04	LoadComplete	1		0x0053B320	0x0045C9A0	-	session	yes
0x05	UnloadComplete	1		0x0053B320	0x0045CA30	-	session	yes
0x06	GameExit	1		0x0053B320 0x0053B240	0x0045CA60	-	session	yes
0x07	MapReveal	6	x:u16@1 y:u16@3 level:u8@5	0x0053BC50	0x0045CAB0	-	sim	yes
0x08	MapHide	6	x:u16@1 y:u16@3 level:u8@5	0x0053BC90	0x0045CB20	-	sim	yes
0x09	AssignLevelWarp	11		0x0053BCD0	0x0045CB90	-	sim	yes
0x0A	RemoveUnit	6	type:u8@1 guid:u32@2	0x0053BDA0	0x0045CC10	-	sim	yes
0x0B	GameHandshake	6		0x0053B3D0	0x0045CC50	-	session	yes
0x0C	MonsterHit	9	u8@1 u32@2 u8@6 u8@7 u8@8	0x0053B430	0x0045C900	0x0045CC70	sim	yes
0x0D	PlayerStop	13	type:u8@1 guid:u32@2 a:u8@6 x:u16@7 y:u16@9 b:u8@11 life_pct:u8@12	0x0053B4B0	0x0045C900	0x0045CCC0	sim	yes
0x0E	ObjectState	12	type:u8@1 guid:u32@2 kind:u8@6 selectable:u8@7 mode:u32@8	0x0053B470	0x0045C900	0x0045CD10	sim	yes
0x0F	PlayerMove	16	type:u8@1 guid:u32@2 code:u8@6 target_x:u16@7 target_y:u16@9 zero:u8@11 x:u16@12 y:u16@14	0x0053B570	0x0045C900	0x0045CD40	sim	yes
0x10	PlayerToTarget	16	type:u8@1 guid:u32@2 code:u8@6 target_type:u8@7 target_guid:u32@8 x:u16@12 y:u16@14	0x0053B520	0x0045C900	0x0045CD90	sim	yes
0x11	ReportKill	8		0x0053D850	0x0045D0F0	-	sim	yes
0x12	Unknown12	26		-	0x0045D130	-	sim	partial
0x13	Unknown13	14		-	0x0045D140	-	sim	partial
0x14	Unknown14	18		-	0x0045D150	-	sim	partial
0x15	ReassignPlayer	11	type:u8@1 guid:u32@2 x:u16@6 y:u16@8 flag:u8@10	0x0053BC10	0x0045D160	-	sim	yes
0x16	UnitPositions	u16@1;min=13		-	0x0045D2E0	-	sim	partial
0x17	-	0		-	0x0045C900	0x0045D260	none	yes
0x18	LifeManaUpdate	15	bits: id:8 life:15 mana:15 stamina:15 life_pred:7 mana_pred:7 x:16 y:16 dx:8 dy:8	0x0053C230	0x0045D9B0	-	sim	yes
0x19	SmallGoldPickup	2	delta:u8@1	0x0053E9B0	0x0045D780	-	sim	yes
0x1A	AddExpByte	2	value:u8@1	0x0053BDD0	0x0045D780	-	sim	yes
0x1B	AddExpWord	3	value:u16@1	0x0053BDD0	0x0045D780	-	sim	yes
0x1C	AddExpDword	5	value:u32@1	0x0053BDD0	0x0045D780	-	sim	yes
0x1D	SetStatByte	3	stat:u8@1 value:u8@2	0x0053BE40 0x0053E9B0	0x0045D780	-	sim	yes
0x1E	SetStatWord	4	stat:u8@1 value:u16@2	0x0053BE40 0x0053E9B0	0x0045D780	-	sim	yes
0x1F	SetStatDword	6	stat:u8@1 value:u32@2	0x0053BE40 0x0053E9B0	0x0045D780	-	sim	yes
0x20	StatUpdate	10		0x0053C1D0	0x0045D880	-	sim	yes
0x21	UpdateItemOSkill	12		0x0053C4A0	0x0045DCD0	-	sim	yes
0x22	UpdateItemSkill	12		0x0053C520	0x0045DDB0	-	sim	yes
0x23	SetSkill	13	type:u8@1 guid:u32@2 hand:u8@6 skill:u16@7 item:u32@9	0x0053C590	0x0045DE10	-	sim	yes
0x24	Unknown24	90		-	0x0045C900	-	sim	partial
0x25	Unknown25	90		-	0x0045C900	-	sim	partial
0x26	Chat	chat26		-	0x0045DFC0	-	sim	partial
0x27	NpcInfo	40		-	0x0045E0A0	-	sim	partial
0x28	QuestInfo	103		0x0053D670	0x0045D370	-	sim	yes
0x29	GameQuestInfo	97		0x0053D700	0x0045D3A0	-	sim	yes
0x2A	NpcTransaction	15		0x0053D740	0x0045E0D0	-	sim	yes
0x2B	-	0		-	0x0045C900	-	none	yes
0x2C	PlaySound	8		-	0x0045E110	-	sim	partial
0x2D	-	0		-	0x0045C900	-	none	yes
0x2E	-	0		-	0x0045C900	-	none	yes
0x2F	-	0		-	0x0045C900	-	none	yes
0x30	-	0		-	0x0045C900	-	none	yes
0x31	-	0		-	0x0045C900	-	none	yes
0x32	-	0		-	0x0045C900	-	none	yes
0x33	-	0		-	0x0045C900	-	none	yes
0x34	-	0		-	0x0045C900	-	none	yes
0x35	-	0		-	0x0045C900	-	none	yes
0x36	-	0		-	0x0045C900	-	none	yes
0x37	-	0		-	0x0045C900	-	none	yes
0x38	-	0		-	0x0045C900	-	none	yes
0x39	-	0		-	0x0045C900	-	none	yes
0x3A	-	0		-	0x0045C900	-	none	yes
0x3B	-	0		-	0x0045C900	-	none	yes
0x3C	-	0		-	0x0045C900	-	none	yes
0x3D	-	0		-	0x0045C900	-	none	yes
0x3E	UpdateItemStats	u8@1;min=2		0x0053D130	0x0045E130	-	sim	yes
0x3F	UseStackableItem	8	code:u8@1 item:u32@2 arg:u16@6	0x0053D220	0x0045E220	-	sim	yes
0x40	ItemFlags	13		0x0053D270	0x0045E240	-	sim	yes
0x41	-	0		-	0x0045C900	-	none	yes
0x42	ClearCursor	6	type:u8@1 unit:u32@2	0x0053D2E0	0x0045E270	-	sim	yes
0x43	-	0		-	0x0045C900	-	none	yes
0x44	-	0		-	0x0045C900	-	none	yes
0x45	Unknown45	13		-	0x0045E290	-	sim	partial
0x46	-	0		-	0x0045C900	-	none	yes
0x47	Relator1	11	type:u8@1 u8@2 unit:u32@3	0x0053D370	0x0045E2A0	-	sim	yes
0x48	Relator2	11	type:u8@1 arg:u8@2 unit:u32@3	0x0053D3C0	0x0045E2D0	-	sim	yes
0x49	-	0		-	0x0045C900	-	none	yes
0x4A	-	0		-	0x0045C900	-	none	yes
0x4B	-	0		-	0x0045C900	-	none	yes
0x4C	UnitSkillOnUnit	16		-	0x0045C900	0x0045DF00	sim	partial
0x4D	UnitSkillOnPoint	17		-	0x0045C900	0x0045DF60	sim	partial
0x4E	MercForHire	7	name:u16@1 seed:u32@3	-	0x0045E3D0	-	sim	partial
0x4F	StartMercList	1		0x0053B320	0x0045E3C0	-	sim	yes
0x50	QuestSpecial	15		-	0x0045E370	-	sim	partial
0x51	AssignObject	14		0x0053BD10	0x0045CBD0	-	sim	yes
0x52	QuestLogInfo	42		0x0053D840	0x0045CC00	-	sim	yes
0x53	Darkness	10		-	0x0045E300	-	sim	partial
0x54	Unknown54	3		-	0x0045E3B0	-	sim	partial
0x55	-	0		-	0x0045C900	-	none	yes
0x56	-	0		-	0x0045C900	-	none	yes
0x57	NpcEnchants	14		0x0053D880	0x0045E400	-	sim	yes
0x58	OpenUi	7		-	0x0045E490	-	sim	partial
0x59	AssignPlayer	26		0x0053E8F0	0x0045E4C0	-	sim	yes
0x5A	EventMessage	40		0x0053C850	0x0045E070	-	sim	yes
0x5B	PlayerJoined	u16@1;min=34		0x0053C940	0x0045E4E0	-	session	yes
0x5C	PlayerLeft	5		0x0053CA90	0x0045E530	-	session	yes
0x5D	QuestItemState	6		-	0x0045E540	-	sim	partial
0x5E	GameQuestAvailability	38		0x0053D830	0x0045E570	-	sim	yes
0x5F	PortalFlags	5	u32@1	0x0053B400	0x0045E5D0	-	sim	yes
0x60	TownPortalState	7		0x0053D900	0x0045E610	-	sim	yes
0x61	CanGoToAct	2		0x0053D940	0x0045E660	-	sim	yes
0x62	MakeUnitTargetable	7		0x0053D6D0	0x0045D390	-	sim	yes
0x63	WaypointMenu	21		-	0x0045E670	-	sim	partial
0x64	-	0		-	0x0045C900	-	none	yes
0x65	PlayerKillCount	7	guid:u32@1 count:u16@5	0x0053D9C0	0x0045E6B0	-	sim	yes
0x66	Unknown66	7		-	0x0045E6C0	-	sim	partial
0x67	MonsterMove	16		0x0053B710 0x0053B910	0x0045C900	0x0045CDE0	sim	yes
0x68	MonsterMoveToTarget	21		0x0053B5F0 0x0053B7F0	0x0045C900	0x0045CE30	sim	yes
0x69	MonsterState	12	guid:u32@1 code:u8@5 a:u16@6 b:u16@8 d:u8@10 e:u8@11	0x0053BA40	0x0045C900	0x0045CEA0	sim	yes
0x6A	Unknown6A	12	guid:u32@1 code:u8@5 target_type:u8@6 target:u32@7 d:u8@11	0x0053B9F0	0x0045C900	0x0045CEF0	sim	yes
0x6B	MonsterAction	16	guid:u32@1 code:u8@5 a:u16@6 b:u16@8 d:u8@10 e:u8@11 x:u16@12 y:u16@14	0x0053BB00	0x0045C900	0x0045CF40	sim	yes
0x6C	MonsterAttack	16	guid:u32@1 code:u8@5 target_type:u8@6 target:u32@7 d:u8@11 x:u16@12 y:u16@14	0x0053BAA0	0x0045C900	0x0045CFB0	sim	yes
0x6D	MonsterStop	10	guid:u32@1 x:u16@5 y:u16@7 life:u8@9	0x0053BB70	0x0045C900	0x0045D010	sim	yes
0x6E	Unknown6E	1		-	0x0045C900	0x0045D0A0	sim	partial
0x6F	Unknown6F	1		-	0x0045C900	0x0045D0B0	sim	partial
0x70	Unknown70	1		-	0x0045C900	0x0045D0C0	sim	partial
0x71	Unknown71	1		-	0x0045C900	0x0045D0D0	sim	partial
0x72	Unknown72	1		-	0x0045C900	0x0045D0E0	sim	partial
0x73	Unknown73	32		0x0053DA10	0x0045E6D0	-	sim	yes
0x74	PlayerCorpseAssign	10		0x0053DA40	0x0045E7B0	-	sim	yes
0x75	PlayerPartyInfo	13		0x0053DA90	0x0045E7E0	-	out	yes
0x76	PlayerInProximity	6		0x0053B3D0	0x0045E050	-	sim	yes
0x77	TradeAction	2		0x0053CAB0	0x0045E800	-	sim	yes
0x78	TradeAccepted	21		-	0x0045E810	-	out	partial
0x79	GoldInTrade	6		0x0053CBE0	0x0045E850	-	out	yes
0x7A	PetAction	13	action:u8@1 pet_type:u8@2 class:u16@3 owner:u32@5 pet:u32@9	0x0053CB30	0x0045E860	-	sim	yes
0x7B	AssignHotkey	8	slot:u8@1 skill:u16@2 item:u32@4	0x0053DB20	0x0045E8D0	-	sim	yes
0x7C	UseScroll	6		0x0053B3D0	0x0045E910	-	sim	yes
0x7D	SetItemState	18	type:u8@1 unit:u32@2 item:u32@6 flag:u32@10 state:u32@14	0x0053D440	0x0045E930	-	sim	yes
0x7E	Unknown7E	5		0x0053DB70	0x0045E970	-	sim	yes
0x7F	AllyPartyInfo	10		0x0053CDF0	0x0045E990	-	out	yes
0x80	-	0		-	-	-	none	yes
0x81	AssignMerc	20	pet_type:u8@1 class:u16@2 owner:u32@4 merc:u32@8 seed:u32@12 name:u32@16	0x0053CB80	0x0045E890	-	sim	yes
0x82	PortalOwnership	29		0x0053DB90	0x0045E9D0	-	sim	yes
0x83	-	0		0x0053DC20	0x0045C900	-	none	yes
0x84	-	0		0x0053DCC0	0x0045C900	-	none	yes
0x85	-	0		-	0x0045C900	-	none	yes
0x86	-	0		-	0x0045C900	-	none	yes
0x87	-	0		-	0x0045C900	-	none	yes
0x88	-	0		0x0053DD20	0x0045C900	-	none	yes
0x89	UniqueEvent	2		-	0x0045EA30	-	sim	partial
0x8A	NpcWantsInteract	6		-	0x0045EA40	-	sim	partial
0x8B	PlayerRelationship	6		0x0053DDC0	0x0045EA60	-	out	yes
0x8C	RelationshipUpdate	11		0x0053DE50	0x0045EA70	-	out	yes
0x8D	AssignPlayerToParty	7		0x0053DF00	0x0045EA90	-	out	yes
0x8E	CorpseAssign	10		0x0053DFB0	0x0045EAA0	-	sim	yes
0x8F	Pong	33		0x0053E020	0x0045EB00	-	transport	yes
0x90	PartyAutomapInfo	13		0x0053CDF0	0x0045E9C0	-	out	yes
0x91	NpcGossipAct	26		-	0x0045E580	-	sim	partial
0x92	RemoveItemsDisplay	6		0x0053B3D0	0x0045E5B0	-	sim	yes
0x93	Unknown93	8		0x0053C6F0	0x0045DD10	-	sim	yes
0x94	BaseSkillLevels	u8@1*3+6;min=9		-	0x0045DD60	-	sim	partial
0x95	LifeManaUpdate2	13	bits: id:8 life:15 mana:15 stamina:15 x:16 y:16 dx:8 dy:8	0x0053C320	0x0045DB20	-	sim	yes
0x96	WalkVerify	9	bits: id:8 stamina:15 x:16 y:16 dx:8 dy:8	0x0053C3F0	0x0045DC50	-	sim	yes
0x97	WeaponSwitch	1		0x0053E110	0x0045EAD0	-	sim	yes
0x98	Unknown98	7		0x0053E0A0	0x0045DE50	-	sim	yes
0x99	SkillTriggered	16		-	0x0045DE80	-	sim	partial
0x9A	Unknown9A	17		-	0x0045DEC0	-	sim	partial
0x9B	Unknown9B	7	name:u16@1 cost:u32@3	0x0053E0E0	0x0045EAC0	-	sim	yes
0x9C	ItemActionWorld	u8@2;min=3	action:u8@1 size:u8@2 category:u8@3 item:u32@4 data@8	0x0053EAE0	0x0045EB10	-	sim	yes
0x9D	ItemActionOwned	u8@2;min=3	action:u8@1 size:u8@2 category:u8@3 item:u32@4 owner_type:u8@8 owner:u32@9 data@13	0x0053CEF0	0x0045EC70	-	sim	yes
0x9E	MercStatByte	7	stat:u8@1 merc:u32@2 value:u8@6	0x0053BEE0	0x0045D540	-	sim	yes
0x9F	MercStatWord	8	stat:u8@1 merc:u32@2 value:u16@6	0x0053BEE0	0x0045D540	-	sim	yes
0xA0	MercStatDword	10	stat:u8@1 merc:u32@2 value:u32@6	0x0053BEE0 0x0053BFD0	0x0045D540	-	sim	yes
0xA1	MercAddExpByte	7	stat:u8@1 merc:u32@2 delta:u8@6	0x0053BFD0	0x0045D540	-	sim	yes
0xA2	MercAddExpWord	8	stat:u8@1 merc:u32@2 delta:u16@6	0x0053BFD0	0x0045D540	-	sim	yes
0xA3	UnknownA3	24		0x0053C0E0	0x0045D5E0	-	sim	yes
0xA4	BaalWave	3		0x0053E1A0	0x0045D760	-	sim	yes
0xA5	UnknownA5	8		0x0053C190	0x0045D6A0	-	sim	yes
0xA6	UnknownA6	u16@2;min=4		0x0053E1C0	0x0045EDC0	-	sim	yes
0xA7	DelayedState	7		0x0053E260	0x0045EDE0	-	sim	yes
0xA8	SetState	u8@6;min=7		-	0x0045EE20	-	sim	partial
0xA9	EndState	7		0x0053E290	0x0045EF60	-	sim	yes
0xAA	AddUnit	u8@6;min=7		-	0x0045EFA0	-	sim	partial
0xAB	NpcHeal	7		0x0053C150	0x0045F120	-	sim	yes
0xAC	AssignMonster	u8@12;min=13		0x0053E2E0	0x0045F190	-	sim	yes
0xAD	-	0		-	0x0045C900	-	none	yes
0xAE	WardenRequest	u16@1+3;cap=0x1FD;min=3	len:u16@1 data@3	0x0053E840	0x0045F5F0	-	transport	yes
0xAF	ConnectionInfo	af		0x0052B720 0x0052B780	0x0045C86C	-	transport	yes
0xB0	ConnectionTerminated	1		0x0053B220	0x0045C877	-	transport	yes
0xB1	GamesInfo	0		-	0x0045C876	-	none	yes
0xB2	GameList	53		0x0053B1B0	0x0045C876	-	transport	yes
0xB3	DownloadSave	u8@1+7;min=8		0x0052E110	0x0045C882	-	transport	yes
0xB4	ConnectionRefused	5		0x0053B260	0x0045C88C	-	transport	yes
